task,task_global_rank,design_name,reservoir_type,config_id,spectral_radius,input_scaling,leak_rate,task_val_metric,task_test_metric,global_aggregate_rank,aggregate_rank_within_design,rank_narma10_within_design,rank_mg_within_design,rank_mc_within_design,global_rank_narma10,global_rank_mg,global_rank_mc,n_seeds,narma10_val_nmse_mean,narma10_val_nmse_std,narma10_test_nmse_mean,narma10_test_nmse_std,mg_val_nmse_mean,mg_val_nmse_std,mg_test_nmse_mean,mg_test_nmse_std,mc_total_mean,mc_total_std
narma10,1,region_selection_multitask_v1,random_sparse,0e41bf66b8bb,0.95,0.1,0.9,0.09823604473795843,0.10603864638535014,26.333333333333332,26.333333333333332,1,64,14,1,64,14,7,0.09823604473795843,0.023810514201903485,0.10603864638535014,0.02147262563547025,0.14568633253250327,0.04311036471586258,0.13538877985882927,0.02701295805118275,24.883676417989395,0.8787414056357811
narma10,2,region_selection_multitask_v1,random_sparse,259248d07a08,0.95,0.2,0.9,0.0986959452759673,0.10574561094908745,26.333333333333332,26.333333333333332,2,52,25,2,52,25,7,0.0986959452759673,0.02272351773442307,0.10574561094908745,0.021334535159007687,0.09443992929648658,0.028441627232189244,0.08816391188456432,0.01824431101445624,20.71513930814197,0.6111989626913585
narma10,3,region_selection_multitask_v1,random_sparse,0292ac89d7b8,0.9,0.2,0.9,0.10035999921662886,0.1047226637755829,29.333333333333332,29.333333333333332,3,58,27,3,58,27,7,0.10035999921662886,0.016808511675209633,0.1047226637755829,0.016914533218528212,0.11067722137399456,0.027239232377931674,0.10304933212463405,0.016492883367738097,19.404787502262415,0.5166170793187683
narma10,4,region_selection_multitask_v1,random_sparse,65189332b1c4,0.9,0.1,0.9,0.10088198785255435,0.10643271834554022,31.333333333333332,31.333333333333332,4,71,19,4,71,19,7,0.10088198785255435,0.01724214690984032,0.10643271834554022,0.017148271496307977,0.17298385137560524,0.0382864919026434,0.15928385700635236,0.02327875582603645,23.101802706947574,0.6384842987987112
narma10,5,region_selection_multitask_v1,random_sparse,96af7170b8b0,1.0,0.1,0.9,0.10294053583786308,0.11113856810172078,25.666666666666668,25.666666666666668,5,61,11,5,61,11,7,0.10294053583786308,0.030418948629606767,0.11113856810172078,0.02879426387112568,0.12116398429879463,0.04283195353740562,0.11125344507848298,0.024551249757203984,25.90776417012582,1.7066356724757732
narma10,6,region_selection_multitask_v1,random_sparse,4d2160951482,1.0,0.2,0.9,0.10429849768969486,0.1121008496391832,26.666666666666668,26.666666666666668,6,51,23,6,51,23,7,0.10429849768969486,0.03044569794911216,0.1121008496391832,0.027642882289427326,0.08151593822018545,0.03196726692181816,0.07649563069404422,0.021083398416285114,21.791118676892857,1.0226933784318746
narma10,7,region_selection_multitask_v1,random_sparse,2e460f1e65c7,1.0,0.05,0.9,0.10501266014807309,0.1127358234284926,28.0,28.0,7,73,4,7,73,4,7,0.10501266014807309,0.02979607589960913,0.1127358234284926,0.028900161033880833,0.17900213627839628,0.06355423613444107,0.16439481073766293,0.0373405017403634,29.15957981878848,2.184411830872146
narma10,8,region_selection_multitask_v1,random_sparse,5d7efc63ccdb,0.8,0.2,0.9,0.10542981905358143,0.10837884267278568,34.666666666666664,34.666666666666664,8,65,31,8,65,31,7,0.10542981905358143,0.01270836607296248,0.10837884267278568,0.013203715811747582,0.15170319636750018,0.03681052037512531,0.14166551094430307,0.024203806669235602,17.088879204082502,0.39159213291434936
narma10,9,region_selection_multitask_v1,random_sparse,6bda54231a65,0.95,0.05,0.9,0.10628038209451766,0.11183178778779856,31.333333333333332,31.333333333333332,9,77,8,9,77,8,7,0.10628038209451766,0.024687855008281575,0.11183178778779856,0.020223220937646454,0.21474995308639605,0.0586298060254648,0.19870373967640992,0.04627340267248255,27.89999788756387,1.4178736645627665
narma10,10,region_selection_multitask_v1,random_sparse,4e018c35c4e2,1.0,0.4,0.9,0.11014100312510944,0.11547648388966406,29.0,29.0,10,45,32,10,45,32,7,0.11014100312510944,0.03064243492059058,0.11547648388966406,0.030590692363382944,0.06499147747842526,0.019457073098723496,0.06003900921125921,0.01394625912756797,17.04370521913636,0.6914045887020729
narma10,11,region_selection_multitask_v1,random_sparse,5033ae01f908,0.9,0.2,1.0,0.11157238392410908,0.11175936655013752,30.666666666666668,30.666666666666668,11,60,21,11,60,21,7,0.11157238392410908,0.020385433808353042,0.11175936655013752,0.020714252555348315,0.12029849451612304,0.03389791786172794,0.1125287937731474,0.020024764549486467,22.11900139971006,0.7304558600910351
narma10,12,region_selection_multitask_v1,random_sparse,129fe242d561,0.9,0.1,1.0,0.11179243622820367,0.11137700251686193,32.0,32.0,12,74,10,12,74,10,7,0.11179243622820367,0.022129284171025287,0.11137700251686193,0.02197242253262949,0.18291918410426825,0.04129666233194263,0.16769469662501552,0.023523588036641882,26.65701537035469,0.861605433036338
narma10,13,region_selection_multitask_v1,random_sparse,a041111b9a85,0.8,0.1,0.9,0.11376463243924072,0.11533025421114884,40.0,40.0,13,79,28,13,79,28,7,0.11376463243924072,0.01801089172507335,0.11533025421114884,0.013353659182713199,0.23076776558559522,0.03246413282122939,0.20976408951742367,0.02501488565689767,19.379908720441613,0.756275556084479
narma10,14,region_selection_multitask_v1,random_sparse,3d29e97f411f,0.9,0.05,1.0,0.11486026140315679,0.11462035793286984,33.0,33.0,14,82,3,14,82,3,7,0.11486026140315679,0.021870076384664316,0.11462035793286984,0.020100500642093788,0.25021396464054235,0.04841104942528086,0.22885171452505876,0.044033251486482135,30.19005142872157,1.2535977958976048
narma10,15,region_selection_multitask_v1,random_sparse,957e518ffde2,0.95,0.1,1.0,0.11705723833701485,0.11736805405613475,29.666666666666668,29.666666666666668,15,67,7,15,67,7,7,0.11705723833701485,0.024864101927230434,0.11736805405613475,0.021260743126963348,0.15730473007763796,0.04838524998561322,0.14636201906392726,0.028812644078853384,28.61583627084132,1.1033013372376548
narma10,16,region_selection_multitask_v1,random_sparse,16217e21e3f8,0.9,0.05,0.9,0.11708791772794937,0.11966701090846696,36.666666666666664,36.666666666666664,16,81,13,16,81,13,7,0.11708791772794937,0.02379139496499278,0.11966701090846696,0.015330196217495085,0.24144647976091363,0.05021383364680843,0.2244663604279414,0.04962818526687215,25.398526628842234,1.3148756508341388
narma10,17,region_selection_multitask_v1,random_sparse,7712fc84886e,0.8,0.1,1.0,0.11753540616682391,0.11815147600148747,40.0,40.0,17,83,20,17,83,20,7,0.11753540616682391,0.01890396284059544,0.11815147600148747,0.019125321753129223,0.25141654440917555,0.03421759139642475,0.22680671969540986,0.028954851490291266,22.43075947167134,0.805572376069132
narma10,18,region_selection_multitask_v1,random_sparse,4bf4f06eba9c,0.8,0.2,1.0,0.11802681171915363,0.11785560312774464,39.0,39.0,18,70,29,18,70,29,7,0.11802681171915363,0.018066407125863777,0.11785560312774464,0.019827192357926834,0.16851876804608276,0.04060381729351671,0.15718546104541006,0.023247657243340065,19.086896452531217,0.5342447668443
narma10,19,region_selection_multitask_v1,random_sparse,9992b49ddf96,0.95,0.05,1.0,0.11813708918544151,0.11784248901622077,32.666666666666664,32.666666666666664,19,78,1,19,78,1,7,0.11813708918544151,0.025511221013220012,0.11784248901622077,0.020367742903792715,0.22165784358814403,0.05746953084428288,0.20228168800490093,0.04405516995436546,32.89584648880624,1.4238614339358138
narma10,20,region_selection_multitask_v1,random_sparse,9e51842d34ab,0.95,0.2,1.0,0.11863376760581594,0.11781851543839894,31.333333333333332,31.333333333333332,20,56,18,20,56,18,7,0.11863376760581594,0.02436718697200872,0.11781851543839894,0.0212959065737788,0.10419022834963179,0.031501606694346526,0.09603139224345283,0.020873267330327985,23.54603571151059,0.8614009451578702
narma10,21,region_selection_multitask_v1,random_sparse,06e693b517d4,1.05,0.2,0.9,0.12407438612373357,0.12834522738577725,33.333333333333336,33.333333333333336,21,55,24,21,55,24,7,0.12407438612373357,0.04375013275334051,0.12834522738577725,0.041593526736772704,0.09772293999783542,0.0584279930476748,0.09244865429568112,0.05701821359121519,21.75792545131307,2.385211920976966
narma10,22,region_selection_multitask_v1,random_sparse,71d9a73ad4da,1.05,0.1,0.9,0.12647261114614716,0.1276804368617034,32.0,32.0,22,62,12,22,62,12,7,0.12647261114614716,0.04720957944386322,0.1276804368617034,0.038013354092355976,0.13072578811644806,0.08042611273611922,0.11163213609334822,0.05486113851272554,25.654473842681593,3.229674009230251
narma10,23,region_selection_multitask_v1,random_sparse,df250dc1aba0,1.05,0.05,0.9,0.1277412062699835,0.1281070917097125,33.333333333333336,33.333333333333336,23,72,5,23,72,5,7,0.1277412062699835,0.04837678293781506,0.1281070917097125,0.03572383416245714,0.17671092139605485,0.09543477973272031,0.14586370800531037,0.053625999425807834,28.660727932700865,4.081774534970003
narma10,24,region_selection_multitask_v1,random_sparse,e8d0cdd4deab,1.0,0.8,0.9,0.13191215266071707,0.13513804788868486,33.666666666666664,33.666666666666664,24,37,40,24,37,40,7,0.13191215266071707,0.024948984691032256,0.13513804788868486,0.024889750344751018,0.05878178994680788,0.006236134543309447,0.0561360192214339,0.008735222349926948,12.346146188174066,0.543117453743363
narma10,25,region_selection_multitask_v1,random_sparse,ea93ddc121f9,0.8,0.05,1.0,0.13574921776951474,0.13731140128694114,41.666666666666664,41.666666666666664,25,85,15,25,85,15,7,0.13574921776951474,0.024217135353158135,0.13731140128694114,0.016613369573146016,0.311055248335702,0.0347166072779668,0.30838493042422105,0.0600165213311932,24.34758146879508,1.1608885484081606
narma10,26,region_selection_multitask_v1,random_sparse,fc01cbd8804c,0.8,0.05,0.9,0.13877138223175867,0.14025664044072378,45.333333333333336,45.333333333333336,26,84,26,26,84,26,7,0.13877138223175867,0.025787718644240443,0.14025664044072378,0.012488364433969428,0.3041219437987324,0.03303108875614956,0.2939547113972976,0.050861321756632064,20.23835693947938,1.085377309188708
narma10,27,region_selection_multitask_v1,random_sparse,dc4c45de4adf,1.0,0.1,1.0,0.1438244463057981,0.1483552080735266,32.0,32.0,27,63,6,27,63,6,7,0.1438244463057981,0.035017341117758546,0.1483552080735266,0.033481388089365335,0.13590228484776426,0.04665292722652457,0.12168570051558751,0.027945769997957108,28.620713296093488,1.3607014605003103
narma10,28,region_selection_multitask_v1,random_sparse,67e56b279b44,1.0,0.2,1.0,0.14483619599037262,0.14643310562157102,32.666666666666664,32.666666666666664,28,54,16,28,54,16,7,0.14483619599037262,0.03695771475630116,0.14643310562157102,0.03256664551350472,0.0965197991838294,0.032712295818352,0.08834934573401232,0.0208484643574754,24.1800990142445,1.1236088609496775
narma10,29,region_selection_multitask_v1,random_sparse,92bfaaea8b8b,1.0,0.05,1.0,0.1480566668747813,0.1502744640829597,35.333333333333336,35.333333333333336,29,75,2,29,75,2,7,0.1480566668747813,0.03656112767925989,0.1502744640829597,0.03500558617859807,0.19748059064129725,0.06647691501422341,0.17537605042148494,0.045252415954181315,32.09784274028736,1.6855211783844628
narma10,30,region_selection_multitask_v1,random_sparse,49e0a1f4f06c,1.0,1.0,0.9,0.15187640172385328,0.15262641911427247,39.0,39.0,30,36,51,30,36,51,7,0.15187640172385328,0.0262063180167486,0.15262641911427247,0.02817482138104707,0.058714767494365785,0.008825307675828599,0.055216688880708124,0.00791380989105671,10.935498187855126,0.5048654478350378
narma10,31,region_selection_multitask_v1,random_sparse,de029cf2303a,1.0,0.4,1.0,0.15389546404058363,0.14965350057876506,36.666666666666664,36.666666666666664,31,49,30,31,49,30,7,0.15389546404058363,0.04155035969653496,0.14965350057876506,0.03402495219140235,0.0739790401805547,0.021232091369444282,0.06942821374241355,0.014345922991286064,18.611357390912676,1.0012940969663278
narma10,32,region_selection_multitask_v1,random_sparse,b2d34da00210,1.05,0.05,1.0,0.169720206002207,0.16905677723191884,40.333333333333336,40.333333333333336,32,80,9,32,80,9,7,0.169720206002207,0.04160202414629415,0.16905677723191884,0.037743263149751766,0.24095469584216725,0.11566165636554547,0.2162850570815039,0.11001345375191081,26.696149123936582,2.943151596108959
narma10,33,region_selection_multitask_v1,random_sparse,f582b65bcd84,1.05,0.1,1.0,0.17416786471566273,0.17248837422401658,42.0,42.0,33,76,17,33,76,17,7,0.17416786471566273,0.045232202043725356,0.17248837422401658,0.041348765605892075,0.21327167669229677,0.11717663710814373,0.1935767951033411,0.10912853354796248,24.12502289805684,2.266872338733537
narma10,34,region_selection_multitask_v1,random_sparse,f2d94277ec67,1.0,0.8,1.0,0.18273732809423776,0.17747293491000468,39.0,39.0,34,46,37,34,46,37,7,0.18273732809423776,0.03779633240778922,0.17747293491000468,0.034862289420869254,0.06715025003859335,0.007759788262142092,0.06293834714448948,0.010776635579659737,13.042265236427067,0.744369631233493
narma10,35,region_selection_multitask_v1,random_sparse,fe4ea45528c8,1.05,0.2,1.0,0.18384042889948585,0.1780019198618592,41.666666666666664,41.666666666666664,35,68,22,35,68,22,7,0.18384042889948585,0.05380536923928205,0.1780019198618592,0.04418275333251435,0.1642709491000303,0.08777086537616782,0.15764343651208643,0.07959028632349037,22.025325705915996,1.5875547793999818
narma10,36,region_selection_multitask_v1,random_sparse,4df7ca5b3a5c,1.0,0.4,0.5,0.2001570845370088,0.21026116372682252,33.0,33.0,36,25,38,36,25,38,7,0.2001570845370088,0.03318382050022615,0.21026116372682252,0.019237905803260798,0.0290688782032806,0.0078026162402634845,0.02697476381101508,0.007442783569976959,12.99525931780801,0.5578386201460045
narma10,37,region_selection_multitask_v1,random_sparse,7351146d69e7,0.8,0.4,0.5,0.2016713731851199,0.20770340441433469,39.666666666666664,39.666666666666664,37,34,48,37,34,48,7,0.2016713731851199,0.033395329965368946,0.20770340441433469,0.01864752850959393,0.057664930339552674,0.015405785625297715,0.055148609425022165,0.010343741789613135,11.443578878443905,0.2201024086399909
narma10,38,region_selection_multitask_v1,random_sparse,7e90ea8b003f,1.2,0.8,0.9,0.2019945624506903,0.19938753222879843,35.333333333333336,35.333333333333336,38,32,36,38,32,36,7,0.2019945624506903,0.07341581034972396,0.19938753222879843,0.06737904996211927,0.05432799989689668,0.0113386790197895,0.052241744890651025,0.008909358380564199,13.089400404239969,0.8066036170436791
narma10,39,region_selection_multitask_v1,random_sparse,298a7459cef0,1.2,1.0,0.9,0.20395337503379318,0.2042011067403943,37.666666666666664,37.666666666666664,39,30,44,39,30,44,7,0.20395337503379318,0.06495317101704795,0.2042011067403943,0.054753367657922956,0.052626778401274346,0.0048040358115543965,0.05150402992264334,0.008038373130861138,11.675806355396801,0.6363417257791253
narma10,40,region_selection_multitask_v1,random_sparse,6e19523ed075,1.0,1.0,1.0,0.20776431139067997,0.20147191941204332,44.666666666666664,44.666666666666664,40,47,47,40,47,47,7,0.20776431139067997,0.04381704154844324,0.20147191941204332,0.042626238748050715,0.06819757695159548,0.009527766332348978,0.06398635869678695,0.008058353202492345,11.44509361642295,0.6581710214372988
narma10,41,region_selection_multitask_v1,random_sparse,5f10f74cdd24,1.0,0.8,0.5,0.21262911244972563,0.2216180114495885,39.666666666666664,39.666666666666664,41,23,55,41,23,55,7,0.21262911244972563,0.03308319605997776,0.2216180114495885,0.02057355342955846,0.026965839676364473,0.0052688530050866815,0.02431555800195173,0.00456264781103044,10.367830653796103,0.41514361440460934
narma10,42,region_selection_multitask_v1,random_sparse,ed6c2e29b26f,1.0,1.5,0.9,0.21517489826053265,0.2084463662859519,50.0,50.0,42,33,75,42,33,75,7,0.21517489826053265,0.032413829569981144,0.2084463662859519,0.03938784227799612,0.05762071606445502,0.006560330123902394,0.054083910666437154,0.006026928940951934,8.569500635005385,0.47357955427039194
narma10,43,region_selection_multitask_v1,random_sparse,717e5ae93526,0.8,0.8,0.5,0.21544280136047295,0.21995553500736648,45.666666666666664,45.666666666666664,43,29,65,43,29,65,7,0.21544280136047295,0.03538683552494405,0.21995553500736648,0.021119603146093728,0.03952955111247196,0.005485797428029646,0.037516364287798094,0.007248187270804928,9.231733677938418,0.28264880341954923
narma10,44,region_selection_multitask_v1,random_sparse,40227e569acb,1.2,0.4,0.9,0.21601705762356613,0.20855205431393492,43.333333333333336,43.333333333333336,44,53,33,44,53,33,7,0.21601705762356613,0.10662416596930434,0.20855205431393492,0.10246725975465099,0.09497318119516622,0.0796749048048029,0.09211040225397234,0.07412223535118344,15.791114363647525,1.8409121122492142
narma10,45,region_selection_multitask_v1,random_sparse,f59210cf20da,1.0,1.0,0.5,0.21751503413129325,0.2257881249884725,42.333333333333336,42.333333333333336,45,22,60,45,22,60,7,0.21751503413129325,0.03399176770889808,0.2257881249884725,0.0210597831052675,0.026280708872330447,0.0032677173899562316,0.023269624837378426,0.005329256515253956,9.442107261526147,0.392098835241634
narma10,46,region_selection_multitask_v1,random_sparse,46c103ca0ecf,0.8,1.0,0.5,0.2223582377720785,0.22650487224969787,50.0,50.0,46,28,76,46,28,76,7,0.2223582377720785,0.036151198313286274,0.22650487224969787,0.021939061342762398,0.03731313651121399,0.005094585829431159,0.035259834231974076,0.006954096227310636,8.435026230287335,0.25496140550878155
narma10,47,region_selection_multitask_v1,random_sparse,390b8969c36d,1.2,0.8,0.5,0.2256131525376821,0.23550238349888492,37.666666666666664,37.666666666666664,47,13,53,47,13,53,7,0.2256131525376821,0.027988973433973746,0.23550238349888492,0.037217531465782196,0.020486341833018323,0.005955097775852852,0.01843625602302044,0.005970480897319834,10.459758436081469,1.3122441764802666
narma10,48,region_selection_multitask_v1,random_sparse,e18bae0602dc,1.2,1.0,0.5,0.22763860201743016,0.2356725125241206,39.666666666666664,39.666666666666664,48,15,56,48,15,56,7,0.22763860201743016,0.027952725519395975,0.2356725125241206,0.030969857896023554,0.021602802610935445,0.004572954065886665,0.019661050268352208,0.004411610914307791,9.853477246079125,0.8161389452573343
narma10,49,region_selection_multitask_v1,random_sparse,a86d99ada30e,1.0,1.5,0.5,0.2347827341923067,0.24111502862162584,51.333333333333336,51.333333333333336,49,24,81,49,24,81,7,0.2347827341923067,0.0336283977095483,0.24111502862162584,0.02501279158483566,0.02786025511941061,0.0050354874396530535,0.025072622609013016,0.0041156844098387746,7.651168881146831,0.34626659773481744
narma10,50,region_selection_multitask_v1,random_sparse,3a5fb58e8666,1.2,1.5,0.9,0.2351034755844872,0.22505664386015295,49.0,49.0,50,31,66,50,31,66,7,0.2351034755844872,0.0698888538599036,0.22505664386015295,0.044047667605036936,0.05274261217480409,0.006572214525110956,0.05100626430007414,0.008284347104131206,9.105876905980908,0.5004580234372846
narma10,51,region_selection_multitask_v1,random_sparse,dc7bdefae761,1.2,1.5,0.5,0.23665318566215884,0.24432881740803242,48.666666666666664,48.666666666666664,51,18,77,51,18,77,7,0.23665318566215884,0.026709308628149755,0.24432881740803242,0.03023333924879559,0.022834943401464827,0.0050350769533172735,0.021312788658836818,0.005981978140112431,8.228258118169553,0.4590344162933254
narma10,52,region_selection_multitask_v1,random_sparse,f0aa51d7df52,0.8,1.5,0.5,0.23755765281843683,0.246297890251236,54.333333333333336,54.333333333333336,52,26,85,52,26,85,7,0.23755765281843683,0.03120657967127588,0.246297890251236,0.023361834313336712,0.03608008034207893,0.004903083300169289,0.03416692910658142,0.0056540535915650105,7.034221659565439,0.2751969265777499
narma10,53,region_selection_multitask_v1,random_sparse,aa089a568cc3,1.2,0.4,0.5,0.2456762756306389,0.2518830898428216,39.0,39.0,53,19,45,53,19,45,7,0.2456762756306389,0.043429627150835697,0.2518830898428216,0.053878220436960104,0.023342167316963987,0.007607861097435773,0.019137810554741317,0.0050825574599561016,11.576242588793377,2.2150487305514406
narma10,54,region_selection_multitask_v1,random_sparse,71bb84fdc255,1.4,1.5,0.5,0.25696785989588317,0.2724578551472627,49.666666666666664,49.666666666666664,54,17,78,54,17,78,7,0.25696785989588317,0.05123409169834156,0.2724578551472627,0.05440636039680866,0.022471541720458277,0.0052385912467809255,0.02077475814880378,0.004490179258919856,8.183086204843487,0.8914173238932959
narma10,55,region_selection_multitask_v1,random_sparse,a5e4e40f7ef1,0.8,0.4,0.3,0.26111647093453516,0.2678267919477031,45.333333333333336,45.333333333333336,55,27,54,55,27,54,7,0.26111647093453516,0.033312491887137516,0.2678267919477031,0.030039342067733975,0.037299522697143414,0.009051049469650834,0.0334944874785152,0.006468068692459125,10.411500026360695,0.4278597298452112
narma10,56,region_selection_multitask_v1,random_sparse,27e5f608a622,1.0,0.4,0.3,0.26409861393376044,0.26806513276251615,40.666666666666664,40.666666666666664,56,20,46,56,20,46,7,0.26409861393376044,0.03476678040282176,0.26806513276251615,0.026819772381897804,0.023626217468680877,0.009854655961661924,0.019598838600743514,0.006687122343846645,11.463193807742593,0.7577164963243413
narma10,57,region_selection_multitask_v1,random_sparse,8804cb761518,0.8,0.8,0.3,0.2698155097476614,0.2793708559878015,50.0,50.0,57,21,72,57,21,72,7,0.2698155097476614,0.029211770940666428,0.2793708559878015,0.03382344195250173,0.023783136880428955,0.005566876525171401,0.021438915184174703,0.004772215957214204,8.658591638629101,0.3612016971180596
narma10,58,region_selection_multitask_v1,random_sparse,5ecd678c7a17,1.0,0.8,0.3,0.2709590845650665,0.2782545384124403,41.333333333333336,41.333333333333336,58,9,57,58,9,57,7,0.2709590845650665,0.033318347659367774,0.2782545384124403,0.030984835487958703,0.015435473685866065,0.0032219676133338586,0.013079108781460161,0.002504629548996898,9.530873077437132,0.5822220159397794
narma10,59,region_selection_multitask_v1,random_sparse,bc11db15bc14,1.4,1.0,0.5,0.27370594871996895,0.2790071856158193,47.0,47.0,59,11,71,59,11,71,7,0.27370594871996895,0.04821136159150504,0.2790071856158193,0.0669140687000279,0.01891269697977738,0.005436608942464526,0.017784858088172643,0.00579921748310804,8.723656263492773,1.1381922815248955
narma10,60,region_selection_multitask_v1,random_sparse,0267662798b4,0.8,1.0,0.3,0.27554790179158306,0.2838313709608817,51.0,51.0,60,14,79,60,14,79,7,0.27554790179158306,0.02834871535300773,0.2838313709608817,0.03421387231200928,0.020626644389961923,0.002849596663728257,0.01929594939404322,0.004912194260125095,7.897283544565034,0.32825664155866563
narma10,61,region_selection_multitask_v1,random_sparse,5d1a27f2c344,1.0,1.0,0.3,0.2764906395872154,0.2825338801483283,46.0,46.0,61,8,69,61,8,69,7,0.2764906395872154,0.032821430009786864,0.2825338801483283,0.035344956788658295,0.015042871313241304,0.004040751981158109,0.01309875193590358,0.0030788004299047186,8.793114362780448,0.48968590525156824
narma10,62,region_selection_multitask_v1,random_sparse,acaba35d5aba,1.0,1.5,1.0,0.28429001462900444,0.27630487353327104,57.333333333333336,57.333333333333336,62,42,68,62,42,68,7,0.28429001462900444,0.06933164705993111,0.27630487353327104,0.06009054576344634,0.06261224322442002,0.005808255002578333,0.058658131786202314,0.005755464343552894,8.856923077948213,0.5907789858038571
narma10,63,region_selection_multitask_v1,random_sparse,37929e56638c,1.2,0.8,0.3,0.28475226775716667,0.29813502531413905,45.333333333333336,45.333333333333336,63,6,67,63,6,67,7,0.28475226775716667,0.03200462900248055,0.29813502531413905,0.041740554941668374,0.014862808468686362,0.0055308009299371245,0.012923389493690807,0.00493041449154475,9.01582748985158,1.5322933273282948
narma10,64,region_selection_multitask_v1,random_sparse,156770123aaf,1.2,1.0,0.3,0.28973350579409934,0.29499932421100145,45.333333333333336,45.333333333333336,64,2,70,64,2,70,7,0.28973350579409934,0.031571122358979437,0.29499932421100145,0.039077060874380974,0.012813075996354808,0.004922646419589301,0.011238575031633424,0.0039502321178038,8.787038924484882,1.1196649949602173
narma10,65,region_selection_multitask_v1,random_sparse,e826ff2b8607,1.4,1.5,0.9,0.2900472527649215,0.30633847692589117,53.666666666666664,53.666666666666664,65,35,61,65,35,61,7,0.2900472527649215,0.07753443035256169,0.30633847692589117,0.091254851163504,0.0581457529856124,0.007247231319150634,0.05571824323496431,0.010323422100125202,9.376283903895452,0.5222795616654298
narma10,66,region_selection_multitask_v1,random_sparse,e53ba8a689f1,1.2,0.4,0.3,0.2905573480831337,0.30161839738241575,45.333333333333336,45.333333333333336,66,12,58,66,12,58,7,0.2905573480831337,0.030668918019498562,0.30161839738241575,0.06113385494231866,0.01957429867238054,0.00940083799570515,0.017094951339163326,0.009212970324030479,9.513908824667203,2.793596455203102
narma10,67,region_selection_multitask_v1,random_sparse,1fba7e1dce2c,1.0,1.5,0.3,0.29399939205001413,0.3021237684804878,52.333333333333336,52.333333333333336,67,7,83,67,7,83,7,0.29399939205001413,0.030257004737687644,0.3021237684804878,0.035337081903283725,0.014866708073490092,0.003838864345915892,0.012815001984925214,0.003656911917082065,7.22544613171542,0.3606350449363276
narma10,68,region_selection_multitask_v1,random_sparse,0c37aa2f4815,1.4,0.8,0.5,0.29581913374289054,0.30480582459444544,50.666666666666664,50.666666666666664,68,10,74,68,10,74,7,0.29581913374289054,0.07998398560892524,0.30480582459444544,0.10824112843453722,0.01824704517796743,0.005678872078554983,0.016540531020277877,0.006731082179611892,8.604247480818035,0.9599023567341977
narma10,69,region_selection_multitask_v1,random_sparse,8f9b582de955,0.8,1.5,0.3,0.2966680406867019,0.30203083422458754,57.666666666666664,57.666666666666664,69,16,88,69,16,88,7,0.2966680406867019,0.028428869870723312,0.30203083422458754,0.0339845128115175,0.021603872859994298,0.0047943640343469825,0.02002338946843235,0.005521741495424475,6.6003609763287745,0.30421254838440226
narma10,70,region_selection_multitask_v1,random_sparse,9af27047188b,1.2,1.5,0.3,0.2968278183508346,0.2980870606370359,51.0,51.0,70,3,80,70,3,80,7,0.2968278183508346,0.035707389306018654,0.2980870606370359,0.0384521796876181,0.013264508892308732,0.004575003256910429,0.012061489364817926,0.0034068186791285354,7.733354668117092,0.5925072874846915
narma10,71,region_selection_multitask_v1,random_sparse,8336ee954e76,1.4,0.4,0.5,0.3057381398750583,0.31277259420496356,70.0,70.0,71,66,73,71,66,73,7,0.3057381398750583,0.0801556581918262,0.31277259420496356,0.11010339630209799,0.15719415676500717,0.16517665405153784,0.15309458939151138,0.1611925553230466,8.621221126879218,1.695419702383143
narma10,72,region_selection_multitask_v1,random_sparse,6129c7438c4a,1.4,1.0,0.9,0.3182390700005541,0.33534837636990755,53.0,53.0,72,38,49,72,38,49,7,0.3182390700005541,0.11569808205199024,0.33534837636990755,0.13978479749403433,0.059475286411159366,0.01262845801770071,0.057129616931549575,0.011746866635686321,11.32955894739791,0.8795586779399667
narma10,73,region_selection_multitask_v1,random_sparse,059a4ddb8c9d,1.4,1.0,0.3,0.3284461243377347,0.3301906473927079,53.666666666666664,53.666666666666664,73,4,84,73,4,84,7,0.3284461243377347,0.03426203101792864,0.3301906473927079,0.06009593387701957,0.013649211924957102,0.004521063447736443,0.011701333270252152,0.003917892515380871,7.105035626177717,1.059938803435015
narma10,74,region_selection_multitask_v1,random_sparse,7fc835c6d77b,1.4,0.8,0.3,0.33007031248065705,0.48462914103322735,55.333333333333336,55.333333333333336,74,5,87,74,5,87,7,0.33007031248065705,0.04451672661284942,0.48462914103322735,0.38664400165084073,0.013924622548861268,0.003648276014190012,0.011516700131517562,0.003639988714852714,6.784304988682453,2.030946370868137
narma10,75,region_selection_multitask_v1,random_sparse,e6e9dced9e62,1.2,0.8,1.0,0.345116181495273,0.346069074290076,51.333333333333336,51.333333333333336,75,44,35,75,44,35,7,0.345116181495273,0.07471598803978187,0.346069074290076,0.08215555407921842,0.06472481015633512,0.00897127361660725,0.061227910859133185,0.008925510018613905,13.414143824676822,0.8442493204157511
narma10,76,region_selection_multitask_v1,random_sparse,be2e8a4ee404,1.2,1.5,1.0,0.35625447768447466,0.3553414627094679,59.333333333333336,59.333333333333336,76,39,63,76,39,63,7,0.35625447768447466,0.07444155404382066,0.3553414627094679,0.059602734295647844,0.06042212521615228,0.007098842848872882,0.057746589731789755,0.009492370250401368,9.348653446323967,0.6168828740189746
narma10,77,region_selection_multitask_v1,random_sparse,187106bc8e1a,1.4,0.8,0.9,0.3569124183423787,0.36776836168044796,56.333333333333336,56.333333333333336,77,50,42,77,50,42,7,0.3569124183423787,0.15043562714021008,0.36776836168044796,0.18002035841669817,0.07947425805267129,0.06542991756406569,0.06950075530568894,0.041986967338948786,11.88712525872968,1.1735227140022475
narma10,78,region_selection_multitask_v1,random_sparse,0b39d236e987,1.2,1.0,1.0,0.3582457057189676,0.3392102855950353,53.333333333333336,53.333333333333336,78,41,41,78,41,41,7,0.3582457057189676,0.08292406865557302,0.3392102855950353,0.07556759789320884,0.06218967723500413,0.0042208189945383825,0.060081495480137755,0.010044225596413103,11.9814572765235,0.7441010744239371
narma10,79,region_selection_multitask_v1,random_sparse,b07b757cf213,1.4,1.5,0.3,0.36530846797481703,0.3270156999069652,54.0,54.0,79,1,82,79,1,82,7,0.36530846797481703,0.07880774673590318,0.3270156999069652,0.04825640670241048,0.011941754529942727,0.005248840684232716,0.010960156964727552,0.0048187978432123624,7.367679021750673,1.1033464663586112
narma10,80,region_selection_multitask_v1,random_sparse,ed7e2675860c,1.4,0.4,0.3,0.3683289231720222,0.3602250069150491,74.33333333333333,74.33333333333333,80,57,86,80,57,86,7,0.3683289231720222,0.08303870905402272,0.3602250069150491,0.10142923895421095,0.10595570749199679,0.11672421608422102,0.08096537418972585,0.09683403804870187,6.93888142349323,2.096696866245169
narma10,81,region_selection_multitask_v1,random_sparse,8eed166159b2,1.5,1.5,0.9,0.3733372840813726,0.3605582065993084,61.0,61.0,81,40,62,81,40,62,7,0.3733372840813726,0.12180183164910761,0.3605582065993084,0.10505642832182382,0.0606257235262979,0.010627924457309174,0.05879972815251523,0.01573847275793681,9.356374798903312,0.5721418662806277
narma10,82,region_selection_multitask_v1,random_sparse,96d27010fc4a,1.4,0.4,0.9,0.4431992125862526,0.4775860674054325,69.66666666666667,69.66666666666667,82,88,39,82,88,39,7,0.4431992125862526,0.2548331071152757,0.4775860674054325,0.3083022189346551,0.529741466243474,0.8451484184852894,0.3075164531740406,0.37569971120235685,12.396194887579524,1.1583067555700735
narma10,83,region_selection_multitask_v1,random_sparse,1aac9adfecfb,1.4,1.5,1.0,0.49780680337184796,0.509382551332788,61.666666666666664,61.666666666666664,83,43,59,83,43,59,7,0.49780680337184796,0.0829337620953965,0.509382551332788,0.07709559159303941,0.06453916016083636,0.009077587330659415,0.06246695260509479,0.01337583013562024,9.475059146707153,0.5997888943839845
narma10,84,region_selection_multitask_v1,random_sparse,1ac90ce26b5e,1.4,1.0,1.0,0.5377617496293651,0.5585063877049802,64.33333333333333,64.33333333333333,84,59,50,84,59,50,7,0.5377617496293651,0.09700456608858597,0.5585063877049802,0.13766483136342655,0.11478307419973151,0.10361216843203305,0.10989502983636609,0.0864200317735517,11.26006894540331,0.6657254192948733
narma10,85,region_selection_multitask_v1,random_sparse,5e0505e840f1,1.5,1.5,1.0,0.5853173375302866,0.5845321992338331,65.66666666666667,65.66666666666667,85,48,64,85,48,64,7,0.5853173375302866,0.11936380984481891,0.5845321992338331,0.10583208468326516,0.07141177599303666,0.01451592220894064,0.0715856051613448,0.01884505689180716,9.34557559620883,0.5780669201139708
narma10,86,region_selection_multitask_v1,random_sparse,cb8f7f02c51c,1.4,0.4,1.0,2.4416999771652224,2.3363432207267243,75.0,75.0,86,87,52,86,87,52,7,2.4416999771652224,4.3681662525341975,2.3363432207267243,3.597233811079271,0.32855334445221784,0.1721561643047901,0.32921398187178924,0.17083260965176336,10.81786126552865,1.6672937999212005
narma10,87,region_selection_multitask_v1,random_sparse,473669236861,1.4,0.8,1.0,2.9123333240374434,2.5395877294258495,72.0,72.0,87,86,43,87,86,43,7,2.9123333240374434,5.793273486036308,2.5395877294258495,4.7838263395309095,0.32772340843029774,0.4961076386091062,0.1222230133885753,0.0543502158627106,11.699202023543753,0.8774793838323955
narma10,88,region_selection_multitask_v1,random_sparse,93c5d6217e98,1.2,0.4,1.0,3.802471830385888,3.298946102370298,63.666666666666664,63.666666666666664,88,69,34,88,69,34,7,3.802471830385888,8.60647459317201,3.298946102370298,7.377167054117523,0.1684462196208249,0.10367885801702316,0.15401659488555702,0.08614050861986244,15.450681498345064,1.2855951374134198
