config_id,spectral_radius,input_scaling,leak_rate,narma10_val_nmse_mean,narma10_val_nmse_std,narma10_test_nmse_mean,narma10_test_nmse_std,mg_val_nmse_mean,mg_val_nmse_std,mg_test_nmse_mean,mg_test_nmse_std,mc_total_mean,mc_total_std,rank_narma10,rank_mg,rank_mc,aggregate_rank,n_seeds
92815a841b21,0.9,0.15,1.0,0.12033127601385371,0.033062340265807,0.09675606877177804,0.011710510932417094,2.1260024293894963e-12,6.01515922700201e-13,1.97604274612607e-12,7.170550328722869e-13,24.394650466204187,0.6275494083993058,21,23,14,19.333333333333332,5
5033ae01f908,0.9,0.2,1.0,0.12267770045402704,0.032517888841208334,0.0975643783763657,0.011635814858307407,1.5931964953072803e-12,4.1269241299487343e-13,1.50492372391597e-12,5.901769039215952e-13,22.44004129758528,0.6447643363590934,29,10,22,20.333333333333332,5
129fe242d561,0.9,0.1,1.0,0.11927708145735427,0.03323826339929223,0.09728631103292985,0.012027315780995277,3.4617304272620287e-12,1.300679341565019e-12,3.3022594074124436e-12,1.3155414200034532e-12,26.9347041180897,0.692721941121227,15,45,5,21.666666666666668,5
0292ac89d7b8,0.9,0.2,0.9,0.11423482592726317,0.026160693067743792,0.0955177392760778,0.010329268484962177,2.1168996929192574e-12,4.893958841104533e-13,1.9841681959107876e-12,6.70657306080179e-13,19.6364324086566,0.4982521242687137,7,22,41,23.333333333333332,5
b5cf1e3871f2,0.9,0.15,0.9,0.11321662424631071,0.025835749835373168,0.09503753531627744,0.010060145700748918,2.9170504671366263e-12,7.891314817539535e-13,2.725812175913436e-12,9.503969955878967e-13,21.19260412330375,0.5415209217331335,4,38,28,23.333333333333332,5
65189332b1c4,0.9,0.1,0.9,0.11327538446575072,0.02642255518359386,0.09535054590882307,0.009664031248964377,4.941186166441615e-12,1.8789901500201265e-12,4.739191593295962e-12,1.9009206152509316e-12,23.285875068798696,0.5029364266167066,6,66,17,29.666666666666668,5
e74399494040,0.9,0.3,1.0,0.12870510054677525,0.03195126032107329,0.10119567734417081,0.01267337774425603,1.3303363162524948e-12,4.899776271141438e-13,1.224138032194853e-12,4.0967117536177326e-13,19.47465393330948,0.671695403758583,42,5,42,29.666666666666668,5
4bf4f06eba9c,0.8,0.2,1.0,0.12868245051993704,0.035233231474760096,0.1057933598322542,0.014890002901979787,1.613982771769338e-12,1.9136317325270386e-13,1.478743687119177e-12,1.527352710395303e-13,19.348290334407796,0.4899059209423707,41,11,44,32.0,5
8baeb0c225c0,0.8,0.15,1.0,0.12739148941028294,0.036236342461079575,0.10538171919498755,0.015598847022101377,2.5705769992198003e-12,2.145173142046974e-13,2.3549657502475455e-12,2.0093091233771541e-13,20.898888161313437,0.5208582589183051,38,31,29,32.666666666666664,5
8246ed9a8b68,0.9,0.3,0.9,0.11675862152478862,0.027170833124316524,0.0975543026943564,0.011515288812846736,1.686069501090726e-12,6.619266461815447e-13,1.5184488239030529e-12,5.80042378177487e-13,17.386858333017745,0.423389597823043,12,12,75,33.0,5
e02c3daaea07,1.0,0.2,0.8,0.11454422177996897,0.02276357022696832,0.1015165804283031,0.010842012263879593,4.006264116483972e-12,3.891736082415067e-12,2.0926131632012465e-12,5.963876547575658e-13,19.313704223449964,0.9564628493640086,10,50,46,35.333333333333336,5
96af7170b8b0,1.0,0.1,0.9,0.112146237234069,0.01997335339365341,0.09331207779278514,0.014631151126437904,8.721696507463216e-12,8.282797685832251e-12,3.981065000860914e-12,1.4023821177917366e-12,25.773387480444608,1.6539606180054502,1,98,8,35.666666666666664,5
4e018c35c4e2,1.0,0.4,0.9,0.12334433986034994,0.023784463215586017,0.10239157566930794,0.02021978357060796,1.2239812533429577e-12,6.770479994924741e-13,1.0062235658626814e-12,4.676167726652658e-13,17.317406461069766,0.7436991946049345,30,4,77,37.0,5
a9601e3f62df,0.8,0.15,0.9,0.11994050467545181,0.03062279758912969,0.10253616934063545,0.0109342688008259,2.829541911994733e-12,4.070966566384378e-13,2.596280377359784e-12,4.0782068070790197e-13,18.443829350909482,0.32569143702588543,17,36,59,37.333333333333336,5
c82084527fd4,0.9,0.15,0.8,0.12002275334301367,0.0226407797594286,0.10085809873668221,0.006870978573173426,3.5883772798153166e-12,7.220481151169626e-13,3.3830669104996954e-12,9.067844729113113e-13,18.969907346924327,0.3582768325387007,18,47,52,39.0,5
5d7efc63ccdb,0.8,0.2,0.9,0.1203019532375749,0.03046816005658383,0.10278953960444562,0.011101509375090652,2.0288095774763133e-12,4.129676486866339e-13,1.850005512572757e-12,4.715243752692266e-13,17.30996503289476,0.28255151761578184,20,20,78,39.333333333333336,5
ed9cbcae5f86,0.9,0.2,0.8,0.12025594982868568,0.02296111075136636,0.10154289234293915,0.007385487099549567,2.6251222774020373e-12,6.187198702550273e-13,2.4649566462333952e-12,8.084842916680082e-13,17.71710897522442,0.3547783084458312,19,34,67,40.0,5
7cfedd757ff7,0.9,0.4,0.9,0.11992446275990114,0.028812324564213298,0.10002429098050554,0.012479559901177504,1.1612142525947508e-12,2.910570101815414e-13,1.1928893190626726e-12,3.7039984679471545e-13,15.749027219714545,0.433741979738765,16,2,104,40.666666666666664,5
7d313d409da0,1.0,0.3,0.8,0.1176446428897727,0.023439846274736255,0.10428131432499996,0.010268205621003515,2.5506437914339594e-12,2.413240356466668e-12,1.3464637026029894e-12,3.878368344050288e-13,17.288592360003214,0.6041076121572437,13,30,79,40.666666666666664,5
e3f517fda7c3,0.9,0.4,1.0,0.13539664804413215,0.032491217929857055,0.1062800941196543,0.01420152263677074,1.003900079327264e-12,3.173453880518539e-13,1.065776646715624e-12,3.984487840263812e-13,17.34019879349189,0.6825797966799613,49,1,76,42.0,5
3d29e97f411f,0.9,0.05,1.0,0.12110810183155155,0.034757472570246216,0.1005640335713309,0.014261992047856768,9.536118111901051e-12,2.862279450256805e-12,9.345435625804268e-12,3.0762391432341555e-12,30.556051137514924,0.7612579760633488,23,105,2,43.333333333333336,5
7712fc84886e,0.8,0.1,1.0,0.12776504966065333,0.03780824267851577,0.10674173700248564,0.01625254296511421,5.511772114184045e-12,5.883654119710015e-13,5.145347676555626e-12,3.524100519054753e-13,22.79845193735323,0.5619434739344551,39,72,19,43.333333333333336,5
6dc78acfb100,0.8,0.3,1.0,0.13266117895083462,0.03515528457374094,0.10800263648462041,0.014878958112251718,1.3563588673462986e-12,3.4225957376851725e-13,1.365063846278133e-12,4.949934701508656e-13,17.121200820671742,0.47273885410056443,47,6,81,44.666666666666664,5
2d6414c08afe,1.0,0.1,0.8,0.11245201095485062,0.022765820589560306,0.09966489100520369,0.011799156910746001,1.0926774340794996e-11,1.0160497615242766e-11,4.957594941740406e-12,2.0483155720377816e-12,22.612513049648378,1.4899813451455175,2,113,21,45.333333333333336,5
097547e9077d,0.9,0.1,0.8,0.12050328321114938,0.02329313521857682,0.10089124900694599,0.00592510911972917,6.446070047481184e-12,1.979318927892298e-12,6.198222430434216e-12,2.050932866762422e-12,20.543972269989656,0.3929663492805852,22,81,35,46.0,5
f9fb2fa2e9af,1.0,0.4,0.8,0.12216687826080326,0.024429321323236657,0.10821063187075067,0.01019315577165662,1.535515510120118e-12,8.226968274824292e-13,1.2418872451953243e-12,5.254395373709474e-13,15.763086698235748,0.4924060429236743,26,9,103,46.0,5
a47504a75fde,0.9,0.3,0.8,0.12164634119968558,0.024032770697565,0.10347975298906872,0.0075143524128288815,2.033697173189806e-12,7.534995121370375e-13,1.8233919975079963e-12,6.935437025688837e-13,15.890572125360979,0.253126212749961,24,21,96,47.0,5
a041111b9a85,0.8,0.1,0.9,0.1247234399629461,0.03276792546865211,0.10662431127475769,0.012270560531245717,5.494314164791212e-12,4.3511264650439266e-13,5.1290044574137805e-12,3.5911726024530177e-13,19.710039660830052,0.4929777372162499,34,71,39,48.0,5
d9ecd148e6ac,0.8,0.3,0.9,0.12267627036176157,0.03128438599992751,0.10428536050438682,0.012154932529807415,1.8169097261494551e-12,5.170843311462283e-13,1.755763398060939e-12,7.217997452067879e-13,15.572565234295315,0.30580184744337624,28,15,106,49.666666666666664,5
fdf1c43a4fc3,1.0,0.1,0.7,0.12421832171300826,0.01603586667888585,0.11273912421535759,0.009786988187399969,6.578333528597079e-12,2.4703000608433007e-12,5.84144234098594e-12,2.3209958156747744e-12,20.3790827831353,1.1990369553151552,32,82,36,50.0,5
31ed3fdf679f,1.0,0.05,0.8,0.1162419766012742,0.022186078967806392,0.1017675862605841,0.010659865052881063,1.6651111019054015e-11,5.769802878124681e-12,1.24880143164311e-11,3.650835669844999e-12,25.085017846072,1.5494256972127884,11,131,11,51.0,5
74f5322906a7,1.0,0.15,0.8,0.11327139644502233,0.02282621548064985,0.10032784152863754,0.011429283786046676,1.1811528691134048e-11,1.7080180589368498e-11,2.9408872273671825e-12,1.3628737808543722e-12,20.708566308223254,1.2231548103386285,5,117,31,51.0,5
16217e21e3f8,0.9,0.05,0.9,0.12413780190017362,0.03255594140622037,0.10677371654814424,0.012438699279571738,1.1934899660204508e-11,3.879119473272152e-12,1.1846704131483711e-11,4.1718600654857876e-12,25.648851499039523,0.8072946699544423,31,118,9,52.666666666666664,5
4a5de2fdccd6,0.8,0.2,0.8,0.12176786318103879,0.0262857502659659,0.1021714118638302,0.00711348255772744,3.2159844445162117e-12,7.655573117805046e-13,2.9515086474858353e-12,9.36617660202625e-13,15.867832854217568,0.16299107143960795,25,41,97,54.333333333333336,5
dceacae1b13c,1.0,0.15,0.7,0.1303678939945146,0.01539787558393424,0.11825812101826325,0.009922206038765893,4.839974614974857e-12,2.3317473391999795e-12,3.654155954778259e-12,1.5422590163372801e-12,18.786703164872666,0.963191453935885,44,64,55,54.333333333333336,5
bc1688d5c650,1.0,0.2,0.7,0.13745517225275888,0.015761680823980637,0.1244929392661879,0.009711493704436818,3.297454214423429e-12,1.476523560817771e-12,2.4820620360404333e-12,9.257042001523367e-13,17.606263276088537,0.7324148038615942,55,43,68,55.333333333333336,5
da7e4d92e8cb,0.8,0.15,0.8,0.12223292090797559,0.025745210074447248,0.10281200014627834,0.00607826339969385,4.2209076558933096e-12,1.0243556749928496e-12,3.952447160644374e-12,1.0713878386045506e-12,16.66098168024297,0.2953561411401267,27,54,85,55.333333333333336,5
4b181bf29230,0.8,0.4,1.0,0.13826898115137562,0.03628859140981509,0.11159381489744262,0.01608589913825599,1.2072365531151644e-12,3.797327767168697e-13,1.3330326554300877e-12,4.2580038192655794e-13,15.547119101019282,0.4915343424015411,57,3,107,55.666666666666664,5
83b90ec6a3a2,0.9,0.4,0.8,0.125012039766414,0.02498345564043832,0.10646338282541315,0.006736216083373847,1.381902254056408e-12,3.155732915127283e-13,1.384996107831486e-12,4.215849784428713e-13,14.548178891881054,0.26028591206370566,36,7,125,56.0,5
2e460f1e65c7,1.0,0.05,0.9,0.11424413499829238,0.02001879780291959,0.09500411846859672,0.014680676741893736,4.287163925381096e-11,6.616855539752243e-11,9.592560535280827e-12,2.989558718036528e-12,29.03127031588436,1.7295231795892039,8,160,3,57.0,5
566c972097d7,0.8,0.4,0.9,0.1263968016622082,0.03284899470491297,0.10653761492907457,0.01356298068508827,1.4815837474752097e-12,3.826852878044804e-13,1.6083579624487266e-12,4.567773576757041e-13,14.296869173345721,0.3616548985756803,37,8,131,58.666666666666664,5
aa90423e4863,1.0,0.15,0.9,0.11290559302445187,0.020438107659736773,0.09396937309760818,0.014984925102735514,4.8145551071639276e-11,9.088661768632053e-11,2.4021199669715815e-12,1.0781765597102996e-12,23.560387132130057,1.40883665076888,3,164,15,60.666666666666664,5
bb42fed7ad80,0.9,0.15,0.7,0.13712138330417312,0.01911674157129777,0.11873822300317216,0.006973392967853826,4.268372556060301e-12,9.39409960562792e-13,3.987440810186777e-12,1.0108816840509763e-12,17.410585921043463,0.30234685669836936,54,56,73,61.0,5
52799148816a,1.0,0.3,0.7,0.14956755778212488,0.01805280793111807,0.13501765389289502,0.008442436217923989,1.9134851088981735e-12,4.953526125287614e-13,1.8825497423084653e-12,8.645756473808772e-13,15.898852592749131,0.5026324868571554,74,17,95,62.0,5
036ddab9716a,0.8,0.3,0.8,0.12463037273975189,0.027240482195205366,0.10385473810922397,0.007667064297616341,2.5448455933669892e-12,6.619945467974197e-13,2.3278390261098293e-12,8.155597034871465e-13,14.49698063304202,0.17927860821916394,33,29,126,62.666666666666664,5
20d37f6f5acf,0.9,0.2,0.7,0.1440346138174507,0.01964888923651356,0.1259101460370192,0.008061268104508948,3.2544602874785818e-12,8.676636945206786e-13,3.073614095142356e-12,1.1117842013321505e-12,16.40422428837053,0.23076825008539179,63,42,86,63.666666666666664,5
804179bc04bd,0.9,0.05,0.8,0.13052868116823543,0.02697617520968349,0.11165075742675908,0.005876650402308809,1.5114493248391632e-11,4.040644187464956e-12,1.5040740232004172e-11,4.2416555587188154e-12,21.972329708058997,0.7873819398509957,45,125,25,65.0,5
8d636eb32b9d,1.0,0.05,0.7,0.12497596276137202,0.018579941979570677,0.11167544369134522,0.00946291814553752,1.8395716972915633e-11,7.216439561313839e-12,1.6564523203166886e-11,6.995931249336262e-12,22.20880024052002,1.264800353920854,35,137,23,65.0,5
503532de740a,0.8,0.1,0.8,0.12788263580607445,0.02622258041669838,0.10844405162732937,0.005518093678370755,7.06297853568761e-12,1.395127514217897e-12,6.6668094060020754e-12,1.4309452938504978e-12,17.46609344131226,0.4871379822517234,40,88,69,65.66666666666667,5
0f39b85583a2,0.9,0.1,0.7,0.13136516441519153,0.019710150373782157,0.11272254422917313,0.006356810572645851,7.843124248295721e-12,1.9710869033352072e-12,7.387845382943332e-12,2.149074503072747e-12,18.576112052234016,0.4452995851341319,46,95,58,66.33333333333333,5
6741f7c852ef,0.8,0.4,0.8,0.12994287282703246,0.027806208785016263,0.10768582531241182,0.0072661166250900565,1.9113134703723165e-12,3.8971104302961773e-13,1.9824770630284813e-12,4.87347354152899e-13,13.41452586265826,0.2712264495935513,43,16,148,69.0,5
aeb751998e63,0.7,0.2,1.0,0.14584073720535062,0.03972904427127792,0.12001705452612596,0.01835465759932862,4.4296354999332075e-12,5.887092001594604e-13,4.053379633891401e-12,4.927102636155053e-13,16.746234616954396,0.3496177317787179,68,57,83,69.33333333333333,5
8bffc079700d,0.7,0.15,1.0,0.14524542373295812,0.03948253052787907,0.12100139445865796,0.018173634456238152,5.789592884590249e-12,1.0395761884026244e-12,5.380298520560245e-12,9.44651219637605e-13,17.728302743585157,0.3711057366503403,66,77,66,69.66666666666667,5
4d2160951482,1.0,0.2,0.9,0.11442008035334912,0.02079554695979869,0.09523854353318217,0.016014347430736934,1.2576644428139122e-10,2.481185383844666e-10,1.8870374331094636e-12,6.94984399604108e-13,21.872289223383426,1.223068360163291,9,175,26,70.0,5
ea93ddc121f9,0.8,0.05,1.0,0.1439046159389759,0.04047778072415734,0.12546835106848536,0.019244697244566317,2.0127014661408016e-11,4.604708120126092e-12,1.9461506969263488e-11,4.411615832525892e-12,24.78855951556388,0.7419051663816276,62,140,12,71.33333333333333,5
8c1c233dfbb1,0.7,0.3,1.0,0.15055971941208662,0.040387912796677576,0.12249045660836713,0.018918633498156312,2.429566848327993e-12,4.357266272234235e-13,2.3736617954450238e-12,4.3201878472205444e-13,15.16538408533016,0.38811365981426516,76,24,115,71.66666666666667,5
8548609bc94c,0.7,0.3,0.9,0.13778712404393909,0.035860925855956946,0.1138274693238476,0.015289125022667124,2.5831856047322505e-12,4.1013877208949217e-13,2.499209559120337e-12,4.634141784564236e-13,14.025306023227955,0.3282273740653376,56,33,137,75.33333333333333,5
40baa4e14728,0.7,0.2,0.9,0.13584634742765128,0.03465327908373599,0.11297411658038514,0.014258283786407389,4.926063057243434e-12,7.340760894052154e-13,4.446644556601162e-12,6.588195719093301e-13,15.171703666800951,0.24997102921249437,51,65,114,76.66666666666667,5
0fb1da4d091e,0.9,0.05,0.7,0.13569319074847538,0.02110113518539804,0.11893492408062004,0.008135373194131004,1.847822335015993e-11,3.2697944360159347e-12,1.772454676592789e-11,3.2782455252561985e-12,19.377064668772967,0.8438591389270595,50,138,43,77.0,5
25de579150b8,0.7,0.1,1.0,0.1508958410006634,0.04022623523574868,0.12810796206232744,0.019213679854775526,8.950905289348742e-12,2.9586287138343182e-12,8.191684890075198e-12,2.4315977639896475e-12,18.806523405859384,0.5164420164281355,77,100,54,77.0,5
9143fa7774c8,1.0,0.3,0.9,0.11839762940456303,0.022074102483732993,0.09825105233045932,0.01869053425210331,7.780506674519482e-11,1.53411213177294e-10,2.3372316600383645e-12,2.444448848147102e-12,19.296228558131734,0.9023496670669136,14,171,47,77.33333333333333,5
5a1306e243a3,1.0,0.4,0.7,0.15819417028129895,0.021063311570599208,0.14285316415914187,0.007006668240828962,1.9345005931860103e-12,9.480836420052214e-13,1.541444724192404e-12,5.692159317849402e-13,14.615261869956834,0.47117713899339897,94,18,123,78.33333333333333,5
f669676d58af,0.9,0.3,0.7,0.15601413532432323,0.021605441283203543,0.13819987191669925,0.007763504226362555,2.443893515532728e-12,8.323596163344051e-13,2.2291932341005094e-12,8.131030615501872e-13,14.817277833959091,0.19604377555531866,90,25,121,78.66666666666667,5
76d30ba9d16d,0.7,0.4,0.9,0.1416085612781847,0.03711067406947714,0.11690416433270048,0.015954515044285175,2.017397635766551e-12,5.994346449532976e-13,2.089541811771482e-12,7.160096780603224e-13,13.04181505435999,0.34070498117015185,59,19,160,79.33333333333333,5
fc504b853d09,0.7,0.3,0.8,0.13679140384866023,0.02980383101879555,0.11090296527345375,0.007652678091807898,2.8888520182783208e-12,6.435969901139686e-13,2.770640909470138e-12,8.017953923476061e-13,13.154711558946588,0.23938465835465453,53,37,155,81.66666666666667,5
9dee4b91ded8,0.7,0.4,1.0,0.1570296857315701,0.04061362895173429,0.1278365137348208,0.018258043860753505,1.7559967923852277e-12,4.272202624379167e-13,1.7937619308848762e-12,4.609792453267341e-13,13.960564051036538,0.4110333917066611,93,14,139,82.0,5
fc01cbd8804c,0.8,0.05,0.9,0.14856248203811145,0.036786615677282274,0.12966422287950768,0.013644510621506437,2.1025595161107287e-11,2.313858963498024e-12,2.024308021879814e-11,1.9924444341174647e-12,20.601541842355267,0.7473355943617606,72,142,33,82.33333333333333,5
7cac7de131c3,1.0,0.15,0.6,0.16573621351278492,0.01719553919560954,0.16069139092998921,0.012487582931884941,5.038813940354677e-12,1.6856662102978871e-12,4.694278743661209e-12,1.7426298191945857e-12,17.429012068731748,0.7999615741231364,110,69,71,83.33333333333333,5
aacbc395b88c,0.7,0.15,0.9,0.13939386634148826,0.0354031798424092,0.11670158277705445,0.01466204763129745,7.380539394746764e-12,9.296351074040422e-13,6.797651452104373e-12,9.757634530440354e-13,15.766356175228713,0.27238894160817023,58,91,101,83.33333333333333,5
b91874646580,1.0,0.2,0.6,0.16940953364895922,0.01807359445243728,0.16457894570377554,0.01175226762800839,3.708747501605447e-12,1.0542129864741819e-12,3.3967736069302956e-12,1.2702889259239109e-12,16.39115739081955,0.6682414107832542,117,48,87,84.0,5
15d61a684a93,0.7,0.2,0.8,0.13334843513144234,0.0286678978335012,0.10869470123718723,0.00700462542289553,4.982749167403916e-12,1.071370038138153e-12,4.461546976498344e-12,9.4563205853997e-13,13.933965338599041,0.21634705648447347,48,67,141,85.33333333333333,5
2d382bf713db,0.7,0.4,0.8,0.14276828537073732,0.02995850371058146,0.11695172947414241,0.008081120711251583,2.5156747213779456e-12,9.084268585518923e-13,2.607490472260447e-12,1.0963081659711047e-12,12.32757044026383,0.2713257687176036,60,28,172,86.66666666666667,5
7abf50ed0613,1.0,0.1,0.6,0.162229864415301,0.014710468719459493,0.1576059001171325,0.015527953070971547,9.100833704013237e-12,3.6235078662339952e-12,8.219186821175705e-12,3.0810557244142137e-12,18.745692380568162,0.9457104329736442,104,102,56,87.33333333333333,5
92bfaaea8b8b,1.0,0.05,1.0,0.15632036470074467,0.03354282525702,0.1325350949089314,0.027296793503380497,1.0569481236825007e-10,1.8202183656894282e-10,1.2783351046373662e-11,1.0365630271064332e-11,32.592943284460645,0.8303659604453631,91,173,1,88.33333333333333,5
dc4c45de4adf,1.0,0.1,1.0,0.1534919758172786,0.03227629417895825,0.13000159528699706,0.02666416440243036,6.891145066418937e-10,1.324047718606979e-09,1.516233321710709e-11,2.2476238782602178e-11,28.927399340356704,0.7532463869966936,82,180,4,88.66666666666667,5
ce0331293b2e,0.9,0.4,0.7,0.1648475317268884,0.022649986974884764,0.1475192868931464,0.0067774806454655445,1.7336195491039455e-12,3.736327005636081e-13,1.713412452224179e-12,4.962671507912361e-13,13.620696621811826,0.2640215682612578,108,13,146,89.0,5
de029cf2303a,1.0,0.4,1.0,0.16640672300760992,0.0322794344907262,0.13753545362545477,0.031862550945261484,9.033426420894502e-12,1.5146903878130288e-11,5.703311108280748e-12,9.580787988311667e-12,18.87671685158811,1.0912765537135085,113,101,53,89.0,5
6f35fc510607,1.0,0.15,1.0,0.1533338398669581,0.03206642043888709,0.12800050206383856,0.025014101605173908,7.12825008044006e-10,6.485188165055134e-10,1.8446833066097876e-11,2.975979133291265e-11,26.49804335081304,0.7886042689393116,81,181,7,89.66666666666667,5
2e8562f7a417,0.8,0.15,0.7,0.1469886559667925,0.022978142811983272,0.1284228437839839,0.00835618208132215,7.2612098868488896e-12,1.6579708737013983e-12,6.954589796203315e-12,1.7674911903942998e-12,15.258720817666111,0.29106327983639185,69,90,112,90.33333333333333,5
a48d03fa5eb5,0.8,0.05,0.8,0.145718662907951,0.0311806012215767,0.1270157567138179,0.010788663233699489,2.0584457574019252e-11,2.1891089010536588e-12,1.9841681300150392e-11,1.769633499821268e-12,17.7622317360193,0.6859192316049042,67,141,64,90.66666666666667,5
bd5c97f318a4,0.8,0.2,0.7,0.15332245253625343,0.02329191218494706,0.13390682540384474,0.00756941327881621,5.271238215014075e-12,1.1367416926292087e-12,4.89642611147206e-12,1.3932906599438604e-12,14.70119262598798,0.16812505100283134,80,70,122,90.66666666666667,5
4c9884e52c0b,1.1,0.05,0.8,0.14478573036156164,0.028990843035038134,0.13029143487056055,0.039625751588616066,4.729500352094943e-09,5.128953021917872e-09,1.0353895537368717e-09,1.9380875368862768e-09,22.771881519866856,3.957918742772473,64,192,20,92.0,5
1aa27eda48ff,0.7,0.15,0.8,0.13606720597544242,0.029069449790943714,0.11232639501348438,0.008146095930227821,8.20771620334176e-12,1.1068962574853501e-12,7.508498375731226e-12,1.1719611938175433e-12,14.276236806113738,0.2672056874928427,52,96,133,93.66666666666667,5
67e56b279b44,1.0,0.2,1.0,0.15517219150979722,0.03183844319383429,0.12768794640572007,0.02504667758045443,1.1933874758298805e-09,1.600324038674155e-09,5.865478986543215e-11,9.348806767087868e-11,24.538720611129634,0.9463373909983002,87,182,13,94.0,5
26e138b087c3,0.7,0.1,0.9,0.15030486681894686,0.03661219317580462,0.12794768552549055,0.014526651088798966,1.2382898998235646e-11,2.6570801977504528e-12,1.1467734621233325e-11,2.4011603154672447e-12,16.326637443300715,0.4018318240532722,75,120,89,94.66666666666667,5
3d53c19c2941,0.8,0.1,0.7,0.144806031471443,0.02155429049685267,0.12752103079139926,0.010067550677929542,1.221632253540482e-11,2.9371751577438987e-12,1.1784466090619294e-11,3.100810214152744e-12,15.78207552540853,0.44665942233586986,65,119,100,94.66666666666667,5
5a90ec51096c,1.0,0.05,0.6,0.16150506674428627,0.01866858625611448,0.15455802931513477,0.01187158698297603,2.4291240889956014e-11,8.598845126999974e-12,2.107673336186413e-11,6.897142993225936e-12,19.9792854848181,1.0057295180084393,103,146,37,95.33333333333333,5
1b0a13327b42,0.9,0.15,0.6,0.1686221148213894,0.021215324218645235,0.15828766166227154,0.00827202646711105,6.361651583363711e-12,1.6461923314138222e-12,5.816351055284242e-12,1.6974745532361758e-12,16.16191057731036,0.28694111240830766,116,80,93,96.33333333333333,5
fc87902cb709,1.1,0.05,0.9,0.15217050116304912,0.026339737474989425,0.13603929380845053,0.03685553901432545,3.832994536144111e-08,6.464948560284689e-08,4.597359715617636e-09,8.793087662424994e-09,25.48089147285056,4.405572611571126,78,202,10,96.66666666666667,5
8c9f95aff55f,1.1,0.1,0.8,0.14762411636189812,0.0319468174360717,0.1287399809474067,0.04195530836440208,4.115113475955972e-09,5.350748834060916e-09,1.4781153981914763e-09,2.681485072938236e-09,20.648883102764295,3.2950732401086933,70,190,32,97.33333333333333,5
bf8866ab4036,0.9,0.2,0.6,0.17109579413109202,0.020256235989524172,0.16183999067553517,0.009388407654164894,4.790595989571204e-12,1.3833212169260436e-12,4.528744028821932e-12,1.579085891899483e-12,15.340036686873983,0.2068026569338444,120,62,110,97.33333333333333,5
243378fb693a,0.7,0.05,1.0,0.17413648907644075,0.03487161030616369,0.15135733381695218,0.011328412738309738,1.5086981266141348e-11,4.806319399519204e-12,1.5875573435283652e-11,4.695198395346107e-12,19.67184781041493,0.7878228622914956,129,124,40,97.66666666666667,5
7d231a730c0b,1.0,0.3,0.6,0.17759233715584552,0.018927664306558296,0.1709247683793138,0.012753671780109015,2.8178415602722424e-12,1.013991261503054e-12,2.773045716044716e-12,1.3576431397959614e-12,14.862899313966409,0.5099622993223164,138,35,120,97.66666666666667,5
b7758828505f,1.1,0.1,0.9,0.15240714813699227,0.032124523133575084,0.13080086451680403,0.04061793421990762,2.3430618046771277e-08,2.6503723830349837e-08,9.130780949533882e-09,1.7177803380431428e-08,23.454427664167273,4.033125306264892,79,199,16,98.0,5
7d112613b9a7,0.8,0.3,0.7,0.16574628020057025,0.023158217809890764,0.14613122935174655,0.006342285671393071,3.4028806771022215e-12,8.873887667831651e-13,2.968985675303539e-12,7.715959055890536e-13,13.62797149994104,0.18530096330795698,111,44,145,100.0,5
9c67a6f86fa9,0.9,0.1,0.6,0.16857104254739105,0.021404405413137883,0.15704045249989362,0.008668388897678883,1.0970429679544931e-11,2.8184541560630848e-12,1.0065854507547668e-11,3.049927786224894e-12,17.038916714351977,0.5028997783739859,115,114,82,103.66666666666667,5
b7ca5cc723dc,0.7,0.1,0.8,0.14379487066758395,0.030531967541478546,0.1214228573422919,0.009786392881714862,1.5219127330872517e-11,2.017892918098423e-12,1.4225669461717771e-11,2.196801102099487e-12,14.55075521564151,0.37734145664448465,61,126,124,103.66666666666667,5
e8362232f904,0.6,0.2,1.0,0.17213515910103033,0.04091875512854978,0.14642611926689963,0.017525035523863683,4.645149920008762e-12,5.800020695950198e-13,4.449041526565358e-12,7.342527301910245e-13,14.416099951879051,0.33229949683203897,123,60,129,104.0,5
368e64069d5f,0.9,0.3,0.6,0.17707322763913028,0.02172104434959119,0.16921304168792992,0.011326876254384199,3.112121185332368e-12,8.822709864611116e-13,2.8873082641442213e-12,8.900238546159721e-13,13.957335543162491,0.23324106853337923,135,39,140,104.66666666666667,5
8ddabc77c0bd,1.1,0.15,0.8,0.14897783902828748,0.037596121978409905,0.12418971740952785,0.04034225188474198,5.070680590891782e-09,1.0109350362224126e-08,3.997922733542302e-09,7.987295031009569e-09,19.181450265085406,3.250115709023105,73,193,49,105.0,5
3ea215ff899d,1.1,0.05,0.7,0.15546920602943082,0.037957936196895574,0.14353925530362205,0.04832792145866795,6.0846780721235554e-09,8.531586159613144e-09,5.582152565625319e-09,1.0946347229286176e-08,20.561818024313233,3.4116893397263612,88,194,34,105.33333333333333,5
5f4d2647fd5e,0.8,0.4,0.7,0.1727026781813098,0.024042873451562807,0.1546498869268065,0.005445465862169196,2.4687604857246817e-12,4.437072715237656e-13,2.4221952611388998e-12,5.378802148042228e-13,12.672409103385428,0.25624614205925267,125,26,168,106.33333333333333,5
9063c377d58e,0.6,0.15,1.0,0.1759968162533195,0.04008735512246723,0.15048042820399504,0.01812801612679676,5.019741529912161e-12,8.490729195311903e-13,5.022225139067435e-12,1.0747489748404943e-12,14.879216858627373,0.3657481704730687,132,68,119,106.33333333333333,5
8a01e3c2af7d,1.0,0.4,0.6,0.18374554328139428,0.020668630038656634,0.17555935341072376,0.01304930063068206,2.5780130999651845e-12,1.1321323593094199e-12,2.0803892472273626e-12,7.158063931045688e-13,13.716986297425525,0.4563151539399123,147,32,143,107.33333333333333,5
6c14593336a9,1.0,0.3,1.0,0.1607070324909088,0.031676106383432656,0.1306442965113114,0.0265047292668035,1.8247369944836003e-08,3.633823766225364e-08,2.189528675598102e-10,4.30902009038308e-10,21.347232910080596,1.1051197095909215,101,197,27,108.33333333333333,5
65112a445932,1.1,0.2,0.8,0.14768862650369455,0.03564475014666987,0.12469259796303464,0.03838017295343849,7.682613244947667e-09,1.5359614641787718e-08,6.209218178761649e-09,1.2413487489753212e-08,17.7858759497892,3.4095596374399078,71,196,63,110.0,5
44690489abe6,1.1,0.2,0.9,0.16334876161744538,0.04590006209425056,0.13241937102318624,0.05032593553346005,3.6828058886641044e-08,7.365164259598629e-08,3.071705699008913e-08,6.142985428443388e-08,20.729663201335647,3.673079361034889,105,201,30,112.0,5
5cdb0551167b,0.9,0.4,0.6,0.18292810500419682,0.023455429248704696,0.17545862331759848,0.01214768537290542,2.4949533691842974e-12,5.715438845762832e-13,2.3746628382504628e-12,6.084791488132412e-13,12.877560633219394,0.26902659074193935,146,27,163,112.0,5
feb072eefef2,1.1,0.15,0.9,0.16740561868770795,0.0480247867540119,0.1420231931442133,0.05303229158934083,2.2603771568647928e-08,4.5079068394418455e-08,1.9094518238771817e-08,3.81778460068428e-08,22.096941995503105,3.7502720533740637,114,198,24,112.0,5
d2b660b589fa,1.1,0.15,0.7,0.1540183753278951,0.026401823547513744,0.1435428578878389,0.04136856281730356,1.5777260518289204e-09,3.0290013318906343e-09,1.5302200191886289e-09,3.0462669083163183e-09,17.429146171464417,2.5158685171244017,84,183,70,112.33333333333333,5
d8224f554bc3,1.1,0.1,0.7,0.15587585858331254,0.03773679416541304,0.14361569846740163,0.046539953503257965,4.308806050089868e-09,7.095566631299771e-09,9.276234068481828e-10,1.3137625937203676e-09,18.667430340943543,2.6525284895049075,89,191,57,112.33333333333333,5
3810619288b7,1.0,0.15,0.5,0.18662731108735048,0.02071711387700708,0.18554576692642272,0.014496787733075719,8.557339830695541e-12,2.8467964602782053e-12,7.781656982541308e-12,3.010770422817222e-12,16.318635798761033,0.6541850592844966,152,97,90,113.0,5
af27e14ad131,0.6,0.3,1.0,0.17430552085567091,0.04128964855235774,0.1473783190857642,0.01481483177523616,4.835237478160763e-12,9.283159234446738e-13,4.4461965833976675e-12,7.764335127878237e-13,13.50348418598549,0.3334730381082073,130,63,147,113.33333333333333,5
62d97647ac56,0.6,0.3,0.9,0.15675885335710538,0.03761373416005557,0.1314980320440181,0.01528844097943482,6.173190796854302e-12,1.197941719745104e-12,5.744574566128039e-12,1.0649451971011686e-12,12.520078187437942,0.26601801922408586,92,79,171,114.0,5
30b7fd6f1fe3,1.0,0.2,0.5,0.1897737525886967,0.021399111720431584,0.18785379865421295,0.01410607691678806,5.993968314734783e-12,1.6262964722611505e-12,5.4019387382927294e-12,1.840339001742737e-12,15.4000382843716,0.6085645220690596,157,78,108,114.33333333333333,5
c8503090418a,0.6,0.4,0.9,0.16009167549645884,0.03719406255782671,0.13451314164735112,0.0145391927002679,4.746947210163468e-12,1.5229794695685487e-12,4.552517363945072e-12,1.3507616911374712e-12,11.87082673601584,0.2578525141793348,98,61,184,114.33333333333333,5
0ba5d3b2b52c,0.6,0.2,0.9,0.16011176397953536,0.03749853185858299,0.13490729283748082,0.015347550746941857,6.976590429418061e-12,4.687958652446539e-13,6.519943563960169e-12,6.509542310088068e-13,13.0525978543611,0.31177088995998203,99,86,159,114.66666666666667,5
28ab2bffee5c,1.0,0.1,0.5,0.1847856501983091,0.021007106033884757,0.1821418977906652,0.013462488924574469,1.556650960203516e-11,6.434529145230474e-12,1.3526932733392272e-11,5.102275179765467e-12,17.40554558698125,0.7005826962250702,149,127,74,116.66666666666667,5
1aa88b85cacc,0.6,0.1,1.0,0.1843816497929457,0.035281051536471944,0.1585469821472095,0.012874719492628214,7.629167134953187e-12,1.6970289887673771e-12,8.160444850988583e-12,2.0482859929238746e-12,15.308077263231372,0.4262237794985283,148,92,111,117.0,5
9c6707965944,0.8,0.05,0.7,0.16125384657439568,0.024605102643377907,0.14428315339572112,0.011624805828885981,2.608619717342503e-11,5.386912808088022e-12,2.54235319765767e-11,5.754192966251157e-12,15.76515331393984,0.5920462866749345,102,148,102,117.33333333333333,5
8ae48826d829,0.6,0.15,0.9,0.16516196418738602,0.03661414887191076,0.14077815410992067,0.014088644593838748,7.677850850231536e-12,7.714815992740671e-13,7.34692642481333e-12,9.441690989064802e-13,13.273040426397804,0.34462206239402937,109,93,151,117.66666666666667,5
6e9fce6c8a9f,0.7,0.05,0.9,0.17128767243983195,0.03364645859877757,0.1491922374333245,0.01034600376782032,2.4675911549703274e-11,8.465358459231375e-12,2.532744219823846e-11,8.559579205481112e-12,16.34981576183537,0.6414897493451591,121,147,88,118.66666666666667,5
7e4c0ec18bd1,0.7,0.3,0.7,0.1761033394492404,0.02452353079215251,0.15540633676998405,0.002817360949676807,3.885456514202937e-12,1.191177310517402e-12,3.668059477974224e-12,1.4631883196988022e-12,12.308299599695497,0.2045142253002822,133,49,174,118.66666666666667,5
7d41b535bebe,0.7,0.2,0.7,0.17161277333601838,0.024037797427063686,0.15078750720475195,0.005391851318438303,5.589962507057073e-12,1.2069326388327428e-12,5.090872114121913e-12,1.1949320455750327e-12,12.843433572892456,0.24049705628982468,122,73,165,120.0,5
71f00c7885b8,1.1,0.3,0.9,0.16443737282703302,0.04822377358817965,0.13439893417730744,0.057020184635497996,6.250780434779453e-08,1.250120507084652e-07,2.6177585439732696e-08,5.235193389376391e-08,19.134651450605894,2.666236638563015,107,204,50,120.33333333333333,5
8a878de8c02b,0.8,0.3,0.6,0.18234631087738512,0.018316929206767873,0.17176471182649158,0.01153409630099536,4.126627859834325e-12,1.2581721926682412e-12,3.5738918016024387e-12,8.956372886326048e-13,12.844336169149884,0.22791363305447127,145,53,164,120.66666666666667,5
54ccd29e45ed,0.6,0.3,0.8,0.15378534431476093,0.0297364887988108,0.12721744467815918,0.008848339572569967,7.724041553495994e-12,1.8207397542260694e-12,7.233129157139716e-12,1.7293740776615435e-12,11.619234432922237,0.22157053085954379,83,94,186,121.0,5
d8e9c3ab2524,0.6,0.4,0.8,0.15833075639774952,0.03001342170561591,0.1323783151300746,0.009061012895026739,5.734952023214559e-12,2.0459232378731837e-12,5.543395080165688e-12,1.930148142961385e-12,11.122662473278478,0.17249445927878992,95,75,193,121.0,5
6394867d74a1,0.9,0.05,0.6,0.1780956854355736,0.021896301061666262,0.16628386821542565,0.008610624960335858,2.8138403047948327e-11,6.644430420896163e-12,2.51264267157955e-11,6.005017999221446e-12,17.41166238613244,0.8820054686920465,140,152,72,121.33333333333333,5
f8ac2775ac41,0.6,0.4,1.0,0.18167068181729928,0.0407798268500224,0.15343118344276435,0.012912602615199338,4.085162266482839e-12,1.1812245366651895e-12,3.834994901582249e-12,9.538470954041255e-13,12.628436270073596,0.31941934487980345,144,52,169,121.66666666666667,5
90d773923187,0.8,0.2,0.6,0.17776029523192466,0.01967237538462336,0.16614333407900747,0.010196198066637694,6.766055401327159e-12,1.4332978996273557e-12,6.331470668425433e-12,1.7103129056033831e-12,13.672938763375626,0.2447054943458835,139,85,144,122.66666666666667,5
139f2a03ac16,1.0,0.3,0.5,0.1959732943371943,0.0229894444116576,0.19297579318297425,0.014531504932380585,4.5359582404393925e-12,1.3752935897536057e-12,4.075463268594194e-12,1.6100264876340751e-12,14.016803989707018,0.5083999632478012,173,59,138,123.33333333333333,5
1b1ae801a319,0.8,0.4,0.6,0.186743228432591,0.02078436039887157,0.1772336833571814,0.011970100902207504,3.2145014769474462e-12,5.429864604798558e-13,3.032539735815284e-12,5.855892745756191e-13,12.07510338023214,0.27933567133631426,153,40,177,123.33333333333333,5
dbe2e4b383cc,1.1,0.05,0.6,0.1792500718031767,0.018875639430692422,0.17459631812162124,0.0353964726497934,1.737550717168872e-09,1.698720637171582e-09,4.020123121484101e-10,5.150962442309246e-10,19.213482852218185,2.8115345084498493,141,184,48,124.33333333333333,5
0bc9dac62c1c,0.7,0.4,0.7,0.18081361255674303,0.02367394263280774,0.1609145601793782,0.0036549770848404383,3.5349201065994966e-12,1.1142597379422843e-12,3.535445486056677e-12,1.314536654004811e-12,11.651510313546481,0.21592141372666354,143,46,185,124.66666666666667,5
4301cfd62e59,0.9,0.2,0.5,0.19020804051311527,0.02141544351579956,0.1882463999647951,0.015195405883248123,7.004022878856901e-12,1.639235913760676e-12,6.497704117423144e-12,1.808647473273226e-12,14.449421426923138,0.331446064620423,159,87,128,124.66666666666667,5
6a0608e15b17,1.1,0.2,0.7,0.1586538445145526,0.027636874379332058,0.14523556075440636,0.035488019779215535,1.8697649764557356e-09,3.731666931979956e-09,1.8472631947030039e-09,3.6878307870581806e-09,16.259759426921423,2.726027933491225,97,185,92,124.66666666666667,5
7596c4498d94,1.0,0.05,0.5,0.18772915301655152,0.027164382720483413,0.18311488027646833,0.012499611807033503,3.991159077051477e-11,9.342939288766214e-12,3.528642192726475e-11,8.384534614438618e-12,18.142809923239263,0.8418002160021398,155,158,61,124.66666666666667,5
de99317441ca,0.8,0.15,0.6,0.17743527558052838,0.020553821579726482,0.16508404198440596,0.01029926555255533,9.627946560861263e-12,1.7788682431666168e-12,9.295787331715564e-12,2.047193533176477e-12,14.10031340048817,0.3079552472441983,136,106,136,126.0,5
4cf2b39e2665,0.9,0.3,0.5,0.19416110066419545,0.022479186666077695,0.19296749430328317,0.016170996600876196,4.529135977692945e-12,1.037005087692793e-12,4.165118996274549e-12,1.1083650838026592e-12,13.266044263036113,0.3278101029754123,169,58,152,126.33333333333333,5
b4315343f14a,1.1,0.3,0.8,0.15488575461133278,0.03976464167060867,0.13261620085060524,0.04387273971597827,2.9771365258175058e-05,5.9542726388399564e-05,8.812418836488309e-10,1.7584688995192365e-09,16.71171758122937,2.325314687237035,86,210,84,126.66666666666667,5
5b64961deeb5,0.7,0.15,0.7,0.1722210739938834,0.023602035835478343,0.1518198024976023,0.007701628769685291,8.763431784441351e-12,1.5996098510675505e-12,8.073946117336055e-12,1.5164595548420755e-12,13.055287672041192,0.2774684380854868,124,99,158,127.0,5
e9eae8b2ca4e,0.6,0.2,0.8,0.15417269235295739,0.03099634809089848,0.12916849864962926,0.010242665919816343,1.11647598610321e-11,1.0752570547799622e-12,1.0275229459469964e-11,1.15936943514139e-12,11.955010989783563,0.3061116232975206,85,115,182,127.33333333333333,5
dc67d33a6091,0.9,0.15,0.5,0.18956266843648945,0.022362948120199892,0.18599650922855268,0.014566659060044344,1.0215740221798569e-11,2.2087164650684813e-12,9.245349864230855e-12,2.4882798193319697e-12,15.12974727831029,0.41444374553737456,156,110,117,127.66666666666667,5
a14dc19eb1fe,0.6,0.1,0.9,0.17392172954617124,0.0338865463264678,0.14987853127294135,0.01080894121849424,1.0218626552522544e-11,1.9964034023218445e-12,1.0216820820936923e-11,2.0250224706913895e-12,13.40130098402708,0.401695899858899,128,111,149,129.33333333333334,5
56b40a987d15,0.9,0.1,0.5,0.19196432491141607,0.02474510149191773,0.18588148102315666,0.013937531371178336,1.731340509380116e-11,3.259246450546515e-12,1.56295253864964e-11,3.941710374735532e-12,15.818287904336103,0.6556906781344572,163,132,99,131.33333333333334,5
4df7ca5b3a5c,1.0,0.4,0.5,0.20053004065854924,0.024431999036850095,0.19636799115025302,0.014534985754750944,4.0630930952943985e-12,1.6063785296708335e-12,3.452356209304018e-12,1.3399170395693453e-12,12.999896202171925,0.49437997274326817,183,51,161,131.66666666666666,5
d3e30772a0a7,0.6,0.15,0.8,0.1584195612180665,0.032166025539734126,0.13516938098787346,0.010337270439592811,1.3466422999995394e-11,1.009745349458737e-12,1.258294631870602e-11,1.1007053481341461e-12,12.048756383908952,0.3392312052188295,96,122,178,132.0,5
4624975b8b19,1.1,0.1,0.6,0.17448806513197004,0.011243979172725285,0.1705997690654164,0.025739883781173784,2.0107142574904953e-09,3.135231621243333e-09,1.521209881672612e-09,2.951989640974691e-09,17.25610548483259,2.431125175519623,131,186,80,132.33333333333334,5
63db3e098f17,1.1,0.15,0.6,0.17354793301964574,0.008431509064662123,0.17491772690620094,0.024809885162327544,3.0204344150588855e-10,5.399068319061088e-10,4.429219074588551e-10,8.710248424030199e-10,16.044818004385093,2.08660349810458,126,177,94,132.33333333333334,5
f1c1d748b2e2,1.1,0.4,0.9,0.17063403925701243,0.05114207166830457,0.13749001377460296,0.05773101366155586,0.0009483012909135526,0.001896602576925984,4.060687562071715e-11,7.821099400837246e-11,17.72950138759331,1.7273312144796957,119,214,65,132.66666666666666,5
2b6b533a6eee,0.7,0.05,0.8,0.16576162343033501,0.03247421000942556,0.14459348063437463,0.010341419369556721,4.007250456125672e-11,1.0560755105081955e-11,4.0745879046308835e-11,1.1422714773464915e-11,14.330701832092075,0.5319862274088384,112,159,130,133.66666666666666,5
e7e25c68091c,0.8,0.1,0.6,0.18060492508536174,0.020200947319038424,0.1683086933134654,0.01033496018316337,1.784333197513754e-11,2.762713679393398e-12,1.7275995412286772e-11,2.9541329872210682e-12,14.455148354459974,0.40661836852662636,142,134,127,134.33333333333334,5
974a39a7bc80,0.9,0.4,0.5,0.1979075173672648,0.023499210105975814,0.19604783526134711,0.01564688752267224,4.26059559712567e-12,9.1342284409571e-13,3.826777285850349e-12,9.412487305056884e-13,12.298854207586833,0.3463968418390943,177,55,175,135.66666666666666,5
48d26dd61317,1.1,0.4,0.8,0.16042659636999287,0.0398284864134427,0.13796061851683708,0.04292917484984831,5.687483152089238e-07,1.1374789116765444e-06,3.459043226226518e-11,6.519395336725497e-11,15.740881292684401,1.5797574304833235,100,206,105,137.0,5
f8869541ea23,0.7,0.1,0.7,0.1775143784587368,0.023490093065055076,0.15867023845959655,0.009026539755881054,1.647985032863098e-11,1.9316271195038027e-12,1.5509822276827263e-11,2.005192400753319e-12,13.18054328885611,0.34872088405103846,137,129,154,140.0,5
af3244f452ab,1.1,0.05,0.5,0.19485023893741824,0.01108029213485943,0.19069334179989667,0.023559615085504696,3.065643338958735e-09,4.590431266499883e-09,2.9545283471922477e-10,3.6297080213157846e-10,18.043317149893436,2.630085246151654,171,189,62,140.66666666666666,5
5ec1f2c41d90,1.1,0.05,1.0,9.256284693320492,18.143944496892637,0.1746299737289067,0.03942000054896164,1.5162445789657175e-05,2.9303232919043076e-05,5.328375902346762e-06,1.0543803089804333e-05,26.622002013570352,2.146760817212782,216,209,6,143.66666666666666,5
b2c749c6874f,0.6,0.1,0.8,0.17008070540522355,0.030764654574346066,0.1472905945609792,0.008469860977109384,1.7858588506949083e-11,3.1680795230044366e-12,1.721076394555693e-11,3.0038065455978816e-12,12.009082853395554,0.37982236906808453,118,135,181,144.66666666666666,5
04cd2014c754,0.7,0.3,0.6,0.19208874355840005,0.022012688500300918,0.17830682572710582,0.011549288845602445,6.6535775067811255e-12,1.6979994689187046e-12,6.06201025438872e-12,1.7165858978005935e-12,11.542870289606409,0.2366067296714536,164,83,188,145.0,5
428a9663f05d,0.8,0.3,0.5,0.1976081734225486,0.020388739534805852,0.19223060080760018,0.01579011508427667,6.714448925922672e-12,1.5719924716207245e-12,6.067644818004277e-12,1.1596140581324164e-12,12.139379423898434,0.3354224542342357,175,84,176,145.0,5
618f4403867e,1.1,0.3,0.7,0.16410634848888334,0.021061089305580115,0.1555537861814437,0.03656099137889699,7.631581450277144e-05,0.0001526316241268841,1.6785384378113335e-08,3.356568690420822e-08,15.046331723463823,2.042956995664441,106,212,118,145.33333333333334,5
01667e5bb997,0.7,0.4,0.6,0.19321494461935113,0.021505865302514436,0.18072749543782346,0.012251513126089804,5.77847646308638e-12,1.1290989441593796e-12,5.386101576854623e-12,1.007158416057316e-12,11.06893255552174,0.2258538069014645,166,76,195,145.66666666666666,5
61cb13fdaada,0.6,0.05,1.0,0.19784841842275996,0.032167594769808724,0.16893202397239374,0.006908057170100197,3.2574183544314416e-11,9.079358368894581e-12,3.8888838821975064e-11,1.110533700997344e-11,15.384678457303869,0.5964823959536202,176,155,109,146.66666666666666,5
9c545a13215e,1.1,0.1,0.5,0.19145721691096934,0.016838853423237717,0.18973404345446973,0.020267192803851444,2.391708755599199e-09,4.513347210601776e-09,5.68712843800977e-11,5.898522945869688e-11,16.316062075208517,2.0275536433890746,162,187,91,146.66666666666666,5
7351146d69e7,0.8,0.4,0.5,0.199096579780468,0.021677877822863383,0.1949542894702996,0.015950982557978832,5.713428672957729e-12,1.1777221952557753e-12,5.303321593708003e-12,1.0601785290326151e-12,11.525793467358637,0.34234045204189634,180,74,190,148.0,5
71985f2b3cac,0.6,0.4,0.7,0.18747267187546265,0.022376980187039968,0.16869021023567948,0.003996806746488931,7.1737435894463836e-12,2.4668807009965673e-12,6.8922972539839616e-12,2.4459327845278426e-12,10.46395271308235,0.14030448210628593,154,89,203,148.66666666666666,5
10b5d24c62b0,1.1,0.2,0.6,0.17682386494311905,0.011651199042605231,0.17736105284607465,0.022265921840748756,3.206722549562468e-08,6.412217249147948e-08,1.0787635742187445e-09,2.1476571159881893e-09,15.182895549805929,1.9491606624123798,134,200,113,149.0,5
1a7e4f42f613,0.9,0.05,0.5,0.2044535435945277,0.025327254072120657,0.19490914740037607,0.013980373470423243,4.796083549466128e-11,8.98749116073976e-12,4.20200408562249e-11,8.21892369385714e-12,15.846338960326056,0.9826877873489128,188,163,98,149.66666666666666,5
ae031b6366dd,1.1,0.1,1.0,2.8748384493261105,5.373215064970545,0.17183428433862535,0.040239460500752236,0.0053381340896891056,0.010676189939642805,1.7800976762006244e-05,3.545987611811828e-05,22.999834043593854,2.0089276829024563,215,216,18,149.66666666666666,5
a0c95183bc66,0.8,0.2,0.5,0.19807381195041335,0.022247697142165786,0.19155951454019704,0.01566833962164438,9.81177215348034e-12,2.474456484341466e-12,8.910588996647864e-12,2.4901223303361825e-12,12.796647201301804,0.39687648212004256,178,109,166,151.0,5
d60a77474b87,0.6,0.3,0.7,0.186506583175356,0.022082299722990674,0.1674124703958471,0.00471690150636115,9.161884625578797e-12,2.975348933496816e-12,8.555025614647272e-12,2.902737484535556e-12,10.803676863010597,0.189801474499348,151,103,200,151.33333333333334,5
5dacf2ac3539,0.7,0.2,0.6,0.19301698637875503,0.022695167522020616,0.17876566940034233,0.01144292396349061,9.667811425996092e-12,2.1169128362349655e-12,9.125277750595442e-12,2.2141228921707253e-12,11.900167295145067,0.2833684147077861,165,107,183,151.66666666666666,5
b05deac84252,0.8,0.15,0.5,0.20021077569065043,0.02329989422156079,0.19296574528206895,0.0165968426215924,1.3361421486632924e-11,3.4794366377528257e-12,1.223553962484534e-11,3.4557343622601067e-12,13.132768331807721,0.43364820159088463,182,121,156,153.0,5
2d1d46a68d05,1.1,0.15,0.5,0.19390115444018383,0.022361768022119404,0.19678754517901426,0.023261350839307148,5.418906116008504e-10,6.605950263952665e-10,5.51679056033988e-11,8.708754352168118e-11,15.133818204304044,1.6854818357849035,167,179,116,154.0,5
f8ef031126a0,1.1,0.4,0.7,0.17362477398619736,0.02337680041701346,0.1633320133113668,0.03567477876852368,4.935378076007971e-08,9.868052547472885e-08,4.056290049421243e-11,7.590675444152454e-11,14.290215750630711,1.4817597598711794,127,203,132,154.0,5
b8198960514a,1.1,0.15,1.0,1.7129382213301603,3.044174192357779,0.2904079881044536,0.26261851858021484,0.0010599894707027649,0.0021198745702739477,2.1992539480702966e-06,3.5542496807634223e-06,19.86996428427006,2.9228643231551685,214,215,38,155.66666666666666,5
d1d6c7e29003,0.6,0.05,0.9,0.19030256555917788,0.031481876167992896,0.16299163491296917,0.007604429187101646,2.716810554787391e-11,6.53659492618888e-12,3.202036439024124e-11,8.43603107184383e-12,13.06029816498668,0.5119849136938703,160,151,157,156.0,5
15c44783ca07,0.8,0.05,0.6,0.19744597625478158,0.024301497942992457,0.1841670476387273,0.012874150322833733,4.471087809287745e-11,1.0344415817876575e-11,4.357735226640587e-11,1.051396552830066e-11,14.197634034687393,0.5437372205203108,174,161,135,156.66666666666666,5
9bba7c25d761,1.1,0.2,1.0,1.2465144012787222,2.1007159263459942,0.25353938249581526,0.1608324294071363,0.0003803567893755734,0.0007606485396662555,8.355793176357885e-06,1.5396959346024407e-05,19.324887519804072,2.407546651033605,213,213,45,157.0,5
de8458ccd58c,1.1,0.3,1.0,0.34143428617042276,0.273372254376593,0.20307878449136862,0.057574830919817944,5.960611455489617e-06,7.312114936854797e-06,1.229957016302823e-06,2.2166128314838038e-06,19.010759704087537,1.400164609777332,212,208,51,157.0,5
156850c8e8b6,0.7,0.15,0.6,0.19508617312647533,0.022832420226295176,0.1812589356265329,0.011474773556594408,1.3765271540658283e-11,3.130465504655506e-12,1.3142879743610016e-11,3.1384625747725227e-12,12.026443436093134,0.3166130785043081,172,123,180,158.33333333333334,5
16407e9d8131,1.1,0.4,1.0,0.25847419004954425,0.0895732433730481,0.20308352044813813,0.0646685481915366,3.964970023214137e-05,5.104057100282154e-05,1.4809529845572638e-07,2.9217702234952355e-07,18.337335342817312,0.9947388376330604,210,211,60,160.33333333333334,5
ad3d30f90afe,0.6,0.2,0.7,0.18981840720636517,0.022908276593134182,0.17119424117083182,0.0061928155084551035,1.6335827561832055e-11,3.734081569315193e-12,1.488602499291289e-11,3.3338856069646272e-12,11.018860962948029,0.26505431812977703,158,128,197,161.0,5
e265f3cf582e,0.8,0.1,0.5,0.20583719358941588,0.025007778151595723,0.19691660186783172,0.015603823014017188,2.2332737969022696e-11,4.561461223025007e-12,2.043741213508167e-11,4.4884784564053985e-12,13.338423694839198,0.4828633442282854,191,143,150,161.33333333333334,5
d7a95944c457,0.6,0.4,0.6,0.20128531089561613,0.023667090819193312,0.18746320024368518,0.012405719644514552,9.532352838094791e-12,2.4436199779971553e-12,8.996388086103129e-12,2.617165436710093e-12,9.896506317189502,0.1798800610218523,185,104,209,166.0,5
db21d0806e31,1.1,0.3,0.6,0.1851011037769277,0.017407508137431506,0.1802734577697275,0.01714558666078421,2.0794804061429042e-06,4.158950888702021e-06,1.6980462826867262e-09,3.3887728329103664e-09,13.811202912816295,2.0041274053770266,150,207,142,166.33333333333334,5
fa7e97985af0,1.1,0.4,0.6,0.19068847148053517,0.017833605827535376,0.18532630713668077,0.018482494891186727,2.452533997422255e-09,4.892703379002295e-09,1.0176253848262475e-11,1.3987092396668155e-11,13.26343958203093,1.4408325658642256,161,188,153,167.33333333333334,5
1af9a7301069,0.7,0.4,0.5,0.20856905585901586,0.024684036865257795,0.20000738016727904,0.017243337423414083,9.796546656913485e-12,1.987590698237603e-12,8.756958382949794e-12,1.4340112814291054e-12,10.488141847902634,0.312164216048268,193,108,202,167.66666666666666,5
52760813c871,0.6,0.3,0.6,0.20227750338769832,0.022999090397463076,0.18840016247968489,0.012735978185139963,1.0796470910733401e-11,3.638479606258989e-12,1.0032776301912251e-11,3.645221492003597e-12,10.137712112797754,0.2189451605684469,186,112,207,168.33333333333334,5
72f84ae81d5b,0.7,0.1,0.6,0.20081625152972885,0.023047725856385152,0.18827413854497405,0.012754812645955483,2.2403989862176692e-11,3.651573577258617e-12,2.1597255574879088e-11,4.035594761642052e-12,12.042102727835697,0.3720506420461172,184,144,179,169.0,5
228f44594510,1.1,0.2,0.5,0.19840232336890626,0.021872731894854284,0.20522672622111368,0.030581038583565232,6.641916099862684e-09,1.3252136142118398e-08,7.879127016878726e-10,1.5588907774446713e-09,14.251237165222832,1.6465912116173778,179,195,134,169.33333333333334,5
c80ccdb43523,0.7,0.3,0.5,0.20923166196046034,0.02472443661763091,0.199544076904291,0.01755895404363146,1.1643238220062054e-11,3.3525148587595977e-12,1.0454543467010447e-11,2.4186080816273545e-12,10.843104908755782,0.3330024952252769,194,116,199,169.66666666666666,5
b47cc3cca0cd,0.6,0.15,0.7,0.1943307797808484,0.02454616459858837,0.17639530109278284,0.00680920761248137,2.2641773919143918e-11,2.0941960073525736e-12,2.0946141341342682e-11,2.1493638735096995e-12,11.052794645542363,0.30536302387426806,170,145,196,170.33333333333334,5
eca525dfdc66,0.6,0.05,0.8,0.19406781729586875,0.029816204349791785,0.16794532590872813,0.008464279274182508,3.1295790625943064e-11,4.481899928107262e-12,3.540601380230892e-11,6.094116575023981e-12,11.532757446638254,0.47280080116973633,168,154,189,170.33333333333334,5
ceee6b7602f2,0.7,0.05,0.7,0.1996740586014461,0.02910639723700856,0.18109786910328668,0.013667215700371207,5.4344949369066674e-11,8.003671591830252e-12,5.497277512021562e-11,9.89951225884259e-12,12.78017887695364,0.48109285264637575,181,165,167,171.0,5
436b06916e16,0.7,0.2,0.5,0.21249030899571797,0.025225934663135125,0.20272157067029223,0.01778536278242251,1.7863833000247863e-11,4.167145027237593e-12,1.6892462115430918e-11,4.165247880260272e-12,11.09719615330513,0.358765819375882,196,136,194,175.33333333333334,5
ab82caf61596,0.8,0.05,0.5,0.22172658927085115,0.02700588135189073,0.21068817028590683,0.015824002486705617,6.500291070048778e-11,5.837225553351943e-12,6.068219259096724e-11,5.23947979848145e-12,12.951003278111916,0.5645652061371945,201,169,162,177.33333333333334,5
8db45fe2202f,0.6,0.2,0.6,0.2056473036325825,0.022426433044685258,0.19220602464870834,0.01292168726391163,1.9493792071313354e-11,7.545747728888606e-12,1.77321690808774e-11,6.770619460289788e-12,10.24767208379035,0.26462711696667585,190,139,205,178.0,5
0a746aa19511,0.7,0.15,0.5,0.21538948597295765,0.026035211457838745,0.2054135746097566,0.016268712995463893,2.6155146299249708e-11,5.446181072209472e-12,2.5521360505741544e-11,5.700388061119564e-12,11.179317758855344,0.3658856838488229,197,149,191,179.0,5
25bd86eebe2f,0.6,0.1,0.7,0.20503333590286116,0.02702453350515422,0.18754877901025124,0.009084555272018652,3.395865857035187e-11,4.095125869443086e-12,3.2365731128329315e-11,4.05993900857688e-12,10.937103723806796,0.3603012087828757,189,156,198,181.0,5
5822bc309bfd,1.1,0.4,0.5,0.2070033781309232,0.02334024093081235,0.20644426438967045,0.019960480133283463,3.516645163543395e-10,6.692405398810802e-10,7.400558790423227e-12,5.806514972224702e-12,12.318984528570159,1.390654064239652,192,178,173,181.0,5
786a5ebf09c1,0.6,0.4,0.5,0.21766320889849916,0.026441062825439617,0.20759441715708218,0.018003936103038673,1.6624807422362078e-11,2.906296807701327e-12,1.5015106680236154e-11,2.414482811906155e-12,9.352064306019576,0.2585419430970781,198,130,215,181.0,5
e5d26cba92a0,0.6,0.3,0.5,0.21947462456633193,0.02525619978272833,0.209153171226784,0.01766986718560009,1.7726391685165324e-11,3.2007057692388207e-12,1.6403215895326043e-11,3.078945192344249e-12,9.525659609094959,0.26421685421801655,199,133,213,181.66666666666666,5
da4cfa8dabb2,0.6,0.15,0.6,0.2095559187192218,0.022898597093690905,0.19672048412918877,0.013151636034303017,3.040875923778737e-11,9.605226852896816e-12,2.802349181283965e-11,8.63781910377191e-12,10.22163816854752,0.2834236187721694,195,153,206,184.66666666666666,5
adc4d1ebebf2,0.7,0.1,0.5,0.222253522349124,0.026881677813603542,0.2105996843446613,0.014997054491825828,4.5133101296243553e-11,8.567436268011736e-12,4.489265850115533e-11,9.045652619571636e-12,11.134285503259896,0.3879547506694435,202,162,192,185.33333333333334,5
4f45ab3701e0,0.7,0.05,0.6,0.22366422392755902,0.026200854869887553,0.20760875295134343,0.014252334917769881,6.108712339174508e-11,3.5260456727539557e-12,6.097874127626465e-11,5.524013099550646e-12,11.547267211412082,0.44235835841083854,204,168,187,186.33333333333334,5
0421b10f715a,1.1,0.3,0.5,0.20372922036322633,0.023210851402594174,0.20332100806080505,0.02092819404194332,1.0896273122817266e-07,2.1790603941815785e-07,3.1842721763327613e-10,6.237170587952593e-10,12.60683941322082,2.3788613714437017,187,205,170,187.33333333333334,5
dc754c86358d,0.6,0.2,0.5,0.22264744036231546,0.025706369715797813,0.21297533158428678,0.016111275942468167,2.6418274234164375e-11,5.873823980171942e-12,2.4811754651597747e-11,5.598543782889943e-12,9.587118026043226,0.2789497628940171,203,150,210,187.66666666666666,5
0f7757481bd5,0.6,0.1,0.6,0.22052368078440604,0.024606171444120088,0.206508684479005,0.013109801507074328,5.4782328051635344e-11,8.040255866811857e-12,5.208776797336902e-11,7.821633844085308e-12,10.074719157929117,0.3232230428194649,200,166,208,191.33333333333334,5
15dc672d4001,0.6,0.15,0.5,0.22624187234565615,0.02639185805676364,0.21599975701700477,0.015244345725203487,3.8237389193257386e-11,1.1281837690460465e-11,3.606091111394101e-11,1.0419166902000692e-11,9.551574352350347,0.3020183279383557,205,157,212,191.33333333333334,5
9f183bf72dbc,0.6,0.05,0.7,0.23207182886232167,0.025161653219317997,0.21109303168412624,0.008844636781073034,5.733032958582747e-11,9.364090656295494e-12,6.205529451868419e-11,1.0671549134063851e-11,10.413287587982465,0.41310618344935124,206,167,204,192.33333333333334,5
6889a48b57ab,0.7,0.05,0.5,0.24147835498088072,0.026039611781741256,0.2260616296739252,0.014640993088387845,9.910177520451952e-11,1.7324030930180976e-11,9.775757327539856e-11,1.8866760955134143e-11,10.605279269656503,0.4342830158286225,208,172,201,193.66666666666666,5
b0a388a69d7d,0.6,0.1,0.5,0.23574467047922631,0.026180913672860833,0.2231000696362401,0.014091040287560832,6.99360561821205e-11,2.2397437508478817e-11,6.675933063528608e-11,2.0818255717428427e-11,9.39429938304664,0.33472473599975316,207,170,214,197.0,5
a6e97c82bcea,0.6,0.05,0.6,0.2494032635379022,0.022054107538550336,0.22977078265400874,0.013214317326613366,1.2372014537139726e-10,1.6259296732106016e-11,1.313267021807204e-10,1.8836342319007332e-11,9.565841591739694,0.3497739058609473,209,174,211,198.0,5
3027d42332fd,0.6,0.05,0.5,0.26290362484137647,0.023097337220935984,0.24494431512972564,0.014629605201541988,2.0758519803477944e-10,3.9589687674119095e-11,2.1984677297296638e-10,4.692600118542647e-11,8.874437700399197,0.33894977044208086,211,176,216,201.0,5
