task,task_global_rank,model_name,model_kind,config_id,task_val_metric,task_test_metric,global_aggregate_rank,aggregate_rank_within_model,global_rank_delay_recall,global_rank_narma10,global_rank_mg,n_total_params,n_trainable_params,selected_fit_s_mean,selected_test_s_mean,selected_total_s_mean,tuning_total_s_sum,n_seeds,spectral_radius,input_scaling,leak_rate,delay_recall_memory_corr_total_mean,delay_recall_test_memory_corr_total_mean,delay_recall_memory_eff_total_mean,delay_recall_test_memory_eff_total_mean,narma10_val_nmse_mean,narma10_test_nmse_mean,mg_val_nmse_mean,mg_test_nmse_mean,diagnostic_total_s_mean,selected_fit_s_std,selected_test_s_std,selected_total_s_std,diagnostic_total_s_sum,rank_delay_recall_within_model,rank_narma10_within_model,rank_mg_within_model,delay_recall_n_total_params,delay_recall_n_trainable_params,narma10_n_total_params,narma10_n_trainable_params,mg_n_total_params,mg_n_trainable_params,hidden_size,learning_rate,weight_decay,bptt_length,batch_size,num_layers,max_epochs,patience,grad_clip,training_mode,window_stride,window_washout,normalize_inputs,normalize_targets,max_train_seconds_per_run,n_lags,feature_mode,ridge_param,dropout
delay_recall,1,cycle_scr,esn,9992b49ddf96,84.76317455569536,84.06547033518518,19.666666666666668,2.6666666666666665,1,21,37,20200.0,10000.0,1.1187556428579097,0.04699948571838571,1.1657551285762955,46.21971390008548,7,0.95,0.05,1.0,84.86462945527983,84.13521509915351,84.76317455569536,84.06547033518518,0.15871631968777788,0.16125890931414283,0.21070789896388525,0.1807912566067415,0.3886470857153957,0.06566158238573176,0.0018427929275556087,0.06568743629623619,48.231842100016365,1,2,5,20200.0,10000.0,10300.0,100.0,10300.0,100.0,,,,,,,,,,,,,,,,,,,
delay_recall,2,cycle_scr,esn,92bfaaea8b8b,68.1315831291853,68.86554513337319,30.666666666666668,4.333333333333333,2,47,43,20200.0,10000.0,1.125902700009257,0.04717504286132421,1.1730777428705812,46.21971390008548,7,1.0,0.05,1.0,68.30943062119499,69.01553422323029,68.1315831291853,68.86554513337319,0.5166417298326035,0.4965829298539017,0.28913027149722614,0.18789408789899364,0.39108475238026585,0.049295546888764016,0.0017964356846144908,0.04932826901718008,48.231842100016365,2,5,6,20200.0,10000.0,10300.0,100.0,10300.0,100.0,,,,,,,,,,,,,,,,,,,
delay_recall,3,simple_rnn,torch_simple_rnn,b7104fa59923,66.37971520746525,65.75850374611905,10.0,3.0,3,4,23,29668.0,29668.0,139.22943040000143,0.04778165714170817,139.3351850999991,5328.41050729993,7,,,,67.00713203506244,66.38330041783976,66.37971520746525,65.75850374611905,0.029211783045685856,,0.04002964789395907,,46.45416437142731,10.140393072402171,0.012218927277097386,10.137427305496969,6825.014685099886,1,4,4,29668.0,29668.0,16897.0,16897.0,16897.0,16897.0,128,0.003,0.0,200,32,1,800,50,1.0,windowed,50,auto,True,True,,,,,
delay_recall,4,simple_rnn,torch_simple_rnn,e8737e669707,50.26471373624684,,8.666666666666666,2.3333333333333335,4,2,20,29668.0,29668.0,170.17034655714295,,170.25370621428425,5328.41050729993,7,,,,51.25609412308559,,50.26471373624684,,0.01815476186262075,,0.026316178249727224,,56.75123540476142,17.841554049651982,,17.83822402179377,6825.014685099886,2,2,3,29668.0,29668.0,16897.0,16897.0,16897.0,16897.0,128,0.001,0.0,200,32,1,800,50,1.0,windowed,50,auto,True,True,,,,,
delay_recall,5,tapped_delay_ridge,tapped_delay_ridge,9a9199a75441,50.0,50.0,21.333333333333332,1.0,5,19,40,10200.0,10200.0,0.43039088570887024,0.09986205714189314,0.5302529428507634,10.611348500096938,7,,,,50.0478684133359,50.054082953456046,50.0,50.0,0.15554651981521614,0.1602516523920514,0.2532644532202934,0.23231001128988876,0.19966485237957732,0.039318699369015726,0.006907308254611113,0.03992080945315684,14.804310400068061,1,1,1,10200.0,10200.0,102.0,102.0,102.0,102.0,,,,,,,,,,,,,,,,50,quadratic,1e-06,
delay_recall,6,tapped_delay_ridge,tapped_delay_ridge,a6aa1bed1edb,50.000208516928886,,25.666666666666668,2.6666666666666665,6,26,45,5100.0,5100.0,0.3224491857233391,,0.3915417428631502,10.611348500096938,7,,,,50.046560438148205,,50.000208516928886,,0.175744291942719,,0.3487289974870463,,0.13051391428771672,0.06375333084947978,,0.06620050465116536,14.804310400068061,2,3,3,5100.0,5100.0,51.0,51.0,51.0,51.0,,,,,,,,,,,,,,,,50,raw,1e-06,
delay_recall,7,cycle_jump_j7,esn,9992b49ddf96,48.11449320112865,48.06642301952991,21.666666666666668,3.6666666666666665,7,17,41,20200.0,10000.0,1.2275944571436932,0.048283757144028126,1.2758782142877212,53.3815588999787,7,0.95,0.05,1.0,48.23355018853029,48.1561978228728,48.11449320112865,48.06642301952991,0.13241966774707967,0.1318744297597234,0.25533047433249156,0.22796297614689306,0.4253540142848838,0.07858564998531951,0.0044836504072453265,0.07871345186554544,55.374310200037144,1,4,6,20200.0,10000.0,10300.0,100.0,10300.0,100.0,,,,,,,,,,,,,,,,,,,
delay_recall,8,simple_rnn,torch_simple_rnn,ad4f2296d003,46.086864323699096,,12.333333333333334,4.333333333333333,8,5,24,10788.0,10788.0,104.01100325714131,,104.08307671428234,5328.41050729993,7,,,,46.96143972790315,,46.086864323699096,,0.05103771864349527,,0.042530574019626066,,34.69435890476078,13.326514719034899,,13.323529621046829,6825.014685099886,3,5,5,10788.0,10788.0,4353.0,4353.0,4353.0,4353.0,64,0.01,0.0,200,32,1,800,50,1.0,windowed,50,auto,True,True,,,,,
delay_recall,9,simple_rnn,torch_simple_rnn,8e28073ddfcb,42.64570120785144,42.68519378479762,8.0,2.0,9,1,14,10788.0,10788.0,131.90919511428467,0.10993894285742759,132.0191340571421,5328.41050729993,7,,,,43.352249051875496,43.32673309734379,42.64570120785144,42.68519378479762,0.01619387248695994,0.018044734597254954,0.015822457854024825,0.01715257615448633,44.03103805238027,11.27677290533741,0.019418027638493082,11.27678962375149,6825.014685099886,4,1,1,10788.0,10788.0,4353.0,4353.0,4353.0,4353.0,64,0.003,0.0,200,32,1,800,50,1.0,windowed,50,auto,True,True,,,,,
delay_recall,10,cycle_scr,esn,4d2160951482,37.328801911180484,37.34862464342841,22.666666666666668,3.0,10,31,27,20200.0,10000.0,1.078183228573055,0.049461842859662805,1.1276450714327177,46.21971390008548,7,1.0,0.2,0.9,37.83592709412433,37.80388338466806,37.328801911180484,37.34862464342841,0.19156864177292485,0.19011396012460008,0.07533590750563217,0.06453104949239814,0.37594502857107376,0.07839611995912624,0.006728690921641931,0.07868434981725843,48.231842100016365,3,3,3,20200.0,10000.0,10300.0,100.0,10300.0,100.0,,,,,,,,,,,,,,,,,,,
delay_recall,11,lstm,torch_lstm,58e109cc028f,35.66298211703621,34.86828879210798,13.333333333333334,2.6666666666666665,11,27,2,23652.0,23652.0,139.331446457147,0.03512561428734833,139.3780793428637,4682.378703599985,7,,,,36.14136023491203,35.48707728497061,35.66298211703621,34.86828879210798,0.17963989098194677,,0.0011479158524014578,,46.461655300002484,14.274683464334597,0.002884745312166848,14.274680408017547,6869.36173249998,1,5,2,23652.0,23652.0,17217.0,17217.0,17217.0,17217.0,64,0.01,0.0,200,32,1,800,50,1.0,windowed,50,auto,True,True,,,,,0.0
delay_recall,12,cycle_jump_j7,esn,96af7170b8b0,34.54157334441842,34.80987456460142,19.666666666666668,2.6666666666666665,12,12,35,20200.0,10000.0,1.2196339714293052,0.04626572857627512,1.2658997000055805,53.3815588999787,7,1.0,0.1,0.9,34.88506083844006,35.04845877053484,34.54157334441842,34.80987456460142,0.11336909917392303,0.11718050323948738,0.13343796416397105,0.11640515095592363,0.4220234761911949,0.0715941341602898,0.00042463272161105995,0.07159539342101444,55.374310200037144,2,1,5,20200.0,10000.0,10300.0,100.0,10300.0,100.0,,,,,,,,,,,,,,,,,,,
delay_recall,13,simple_rnn,torch_simple_rnn,b760a145a7c4,33.83353808346327,,11.333333333333334,3.3333333333333335,13,3,18,10788.0,10788.0,166.89547867143017,,166.96704035714356,5328.41050729993,7,,,,34.63273120574148,,33.83353808346327,,0.021942592597879278,,0.021306509095472236,,55.65568011904785,10.365106075522183,,10.366633650400306,6825.014685099886,5,3,2,10788.0,10788.0,4353.0,4353.0,4353.0,4353.0,64,0.001,0.0,200,32,1,800,50,1.0,windowed,50,auto,True,True,,,,,
delay_recall,14,simple_rnn,torch_simple_rnn,084341ab599f,33.18793067001187,,28.0,6.0,14,28,42,29668.0,29668.0,55.70487901428299,,55.79459694285573,5328.41050729993,7,,,,34.232655147045854,,33.18793067001187,,0.179903839125145,,0.2707681410439306,,18.59819898095191,25.32521444380062,,25.32573282456112,6825.014685099886,6,6,6,29668.0,29668.0,16897.0,16897.0,16897.0,16897.0,128,0.01,0.0,200,32,1,800,50,1.0,windowed,50,auto,True,True,,,,,
delay_recall,15,cycle_scr,esn,259248d07a08,32.86311257410189,32.65367797810725,20.333333333333332,3.0,15,18,28,20200.0,10000.0,1.1074208142849133,0.049379114287148695,1.1567999285720623,46.21971390008548,7,0.95,0.2,0.9,33.12961993720064,32.95478654940889,32.86311257410189,32.65367797810725,0.14201086112350716,0.14626654375842763,0.07602873565528812,0.07020250059056587,0.3856592380948964,0.037007074796788,0.00699117753450314,0.037661653552838105,48.231842100016365,4,1,4,20200.0,10000.0,10300.0,100.0,10300.0,100.0,,,,,,,,,,,,,,,,,,,
delay_recall,16,random_sparse_baseline,esn,9992b49ddf96,32.43499665138683,32.718779179165516,23.0,3.6666666666666665,16,15,38,20200.0,10000.0,1.2722914000041783,0.045834728566530564,1.3181261285707089,52.520950600053766,7,0.95,0.05,1.0,32.65084915590363,32.88740187273295,32.43499665138683,32.718779179165516,0.11813708918532319,0.11784248901610396,0.2216578435888785,0.2022816880055943,0.43943352380960105,0.0832502167067309,0.0005079909147363073,0.08325176656676488,54.46438949998992,1,4,6,20200.0,10000.0,10300.0,100.0,10300.0,100.0,,,,,,,,,,,,,,,,,,,
delay_recall,17,cycle_jump_j7,esn,4d2160951482,29.6918595376007,29.68064086202074,20.666666666666668,3.0,17,13,32,20200.0,10000.0,1.219436171425124,0.04744164285719827,1.2668778142823223,53.3815588999787,7,1.0,0.2,0.9,29.889550889223074,29.853876890316695,29.6918595376007,29.68064086202074,0.1134859093557314,0.11681786443089012,0.09288330540341053,0.08507153756184219,0.42235218095274396,0.07038090621612346,0.0022387154237733043,0.07041650237374338,55.374310200037144,3,2,4,20200.0,10000.0,10300.0,100.0,10300.0,100.0,,,,,,,,,,,,,,,,,,,
delay_recall,18,lstm,torch_lstm,6c1421851c33,27.85250105889441,27.431432296239596,14.666666666666666,2.3333333333333335,18,23,3,23652.0,23652.0,159.22850501427976,0.049276185714656355,159.27778119999442,4682.378703599985,7,,,,28.12811460725927,27.803627895504082,27.85250105889441,27.431432296239596,0.17079403726305525,0.18881576332170194,0.0016025943967875476,0.0014276247530534702,53.09878669999722,18.003945697187987,0.002472343220446117,18.003945866941912,6869.36173249998,2,2,3,23652.0,23652.0,17217.0,17217.0,17217.0,17217.0,64,0.003,0.0,200,32,1,800,50,1.0,windowed,50,auto,True,True,,,,,0.0
delay_recall,19,tapped_delay_ridge,tapped_delay_ridge,f81eab77cd40,25.0,,27.666666666666668,2.3333333333333335,19,20,44,5200.0,5200.0,0.2200653714327408,,0.26808005714389893,10.611348500096938,7,,,,25.09028767545411,,25.0,,0.1579445405960549,,0.32655140417723644,,0.08936001904796631,0.04668857829090646,,0.04587457437820964,14.804310400068061,3,2,2,5200.0,5200.0,52.0,52.0,52.0,52.0,,,,,,,,,,,,,,,,25,quadratic,1e-06,
delay_recall,20,tapped_delay_ridge,tapped_delay_ridge,6c6534af441c,25.000954383008963,,32.0,4.0,20,30,46,2600.0,2600.0,0.13348339998836828,,0.18179264285260746,10.611348500096938,7,,,,25.082237131545146,,25.000954383008963,,0.18660152339507835,,0.3501754236308924,,0.06059754761753582,0.009048376497302994,,0.009657351811665243,14.804310400068061,4,4,4,2600.0,2600.0,26.0,26.0,26.0,26.0,,,,,,,,,,,,,,,,25,raw,1e-06,
delay_recall,21,random_sparse_baseline,esn,0e41bf66b8bb,24.2716644755966,24.305052464917118,21.666666666666668,2.6666666666666665,21,8,36,20200.0,10000.0,1.139177285724145,0.04594455714686774,1.1851218428710126,52.520950600053766,7,0.95,0.1,0.9,24.479792837681945,24.43935675391802,24.2716644755966,24.305052464917118,0.09823604473788065,0.10603864638529889,0.14568633253275037,0.13538877985958386,0.39510299523750464,0.03191637591947621,0.00042640185693909664,0.03191922415061058,54.46438949998992,2,1,5,20200.0,10000.0,10300.0,100.0,10300.0,100.0,,,,,,,,,,,,,,,,,,,
delay_recall,22,multiscale_three_random,esn,9992b49ddf96,23.789301410056364,23.86214392865016,25.666666666666668,3.6666666666666665,22,16,39,20200.0,10000.0,1.2642473571384991,0.047261985714223034,1.3115093428527222,51.414534299816296,7,0.95,0.05,1.0,24.061594572676935,24.080176280660833,23.789301410056364,23.86214392865016,0.12670853869775178,0.1267006754738071,0.24940321007750726,0.23270100948548447,0.43723110952435357,0.08059761023969164,0.0010177942009881227,0.08060403638394797,53.468558599983226,1,4,6,20200.0,10000.0,10300.0,100.0,10300.0,100.0,,,,,,,,,,,,,,,,,,,
delay_recall,23,cycle_jump_j7,esn,4e018c35c4e2,23.677868684598185,23.519245369332868,20.666666666666668,3.3333333333333335,23,14,25,20200.0,10000.0,1.2737205000001788,0.04831892857120173,1.3220394285713803,53.3815588999787,7,1.0,0.4,0.9,23.957953772808917,23.783480849914778,23.677868684598185,23.519245369332868,0.11612539614954573,0.11798146275037143,0.05425197055303445,0.04987688353861914,0.44073811428686555,0.08284816469857213,0.0037866816295459354,0.08293465712044196,55.374310200037144,4,3,3,20200.0,10000.0,10300.0,100.0,10300.0,100.0,,,,,,,,,,,,,,,,,,,
delay_recall,24,random_sparse_baseline,esn,4d2160951482,21.006570386218986,21.15131790681644,21.0,3.0,24,10,29,20200.0,10000.0,1.1668242857111701,0.04625831428191825,1.2130825999930883,52.520950600053766,7,1.0,0.2,0.9,21.285211648228707,21.316208108390295,21.006570386218986,21.15131790681644,0.10431037277480791,0.11210449361094285,0.08151593822022375,0.07649563069450863,0.4044227285717386,0.055977437656091505,0.0007718162357509808,0.055982758299706704,54.46438949998992,3,2,4,20200.0,10000.0,10300.0,100.0,10300.0,100.0,,,,,,,,,,,,,,,,,,,
delay_recall,25,lstm,torch_lstm,d59c1b882400,20.894235077481635,,18.0,3.6666666666666665,25,24,5,23652.0,23652.0,179.1683264142817,,179.18475881428458,4682.378703599985,7,,,,20.98768929020847,,20.894235077481635,,0.17215514410999874,,0.002218534460903036,,59.72825293809486,12.791054640923658,,12.792550243357564,6869.36173249998,3,3,5,23652.0,23652.0,17217.0,17217.0,17217.0,17217.0,64,0.001,0.0,200,32,1,800,50,1.0,windowed,50,auto,True,True,,,,,0.0
delay_recall,26,multiscale_three_random,esn,4d2160951482,16.88657585136102,16.86400362378262,21.666666666666668,2.3333333333333335,26,6,33,20200.0,10000.0,1.1465126857105394,0.052041800004579794,1.1985544857151191,51.414534299816296,7,1.0,0.2,0.9,17.112911954359816,17.062101690245772,16.88657585136102,16.86400362378262,0.0956872416021031,0.10034427988230311,0.10857852908212495,0.10374279620630389,0.39958150952346233,0.04308613107087651,0.008016592232965261,0.0438255683555432,53.468558599983226,2,1,4,20200.0,10000.0,10300.0,100.0,10300.0,100.0,,,,,,,,,,,,,,,,,,,
delay_recall,27,multiscale_three_random,esn,259248d07a08,16.443592646513128,16.41184985631402,22.666666666666668,3.3333333333333335,27,7,34,20200.0,10000.0,1.170793357133724,0.04762417142878154,1.2184175285625056,51.414534299816296,7,0.95,0.2,0.9,16.630248742481914,16.57901224737878,16.443592646513128,16.41184985631402,0.0981875920841064,0.10112023399325852,0.12065813583772467,0.11502179549194237,0.40620381904799224,0.048365765417612075,0.0011928176114458639,0.04838047207588673,53.468558599983226,3,2,5,20200.0,10000.0,10300.0,100.0,10300.0,100.0,,,,,,,,,,,,,,,,,,,
delay_recall,28,random_sparse_baseline,esn,4e018c35c4e2,16.388063582015356,16.38254984434515,21.666666666666668,3.3333333333333335,28,11,26,20200.0,10000.0,1.2712098999982118,0.046069999994610304,1.3172798999928221,52.520950600053766,7,1.0,0.4,0.9,16.622569468243885,16.557428493842263,16.388063582015356,16.38254984434515,0.11014100312511667,0.11547648388967137,0.06500131472712319,0.060055657497466296,0.4391506047620732,0.07404891362368651,0.0005105712134755976,0.07405067381065628,54.46438949998992,4,3,3,20200.0,10000.0,10300.0,100.0,10300.0,100.0,,,,,,,,,,,,,,,,,,,
delay_recall,29,multiscale_three_random,esn,4e018c35c4e2,13.726641838203719,13.757000504190431,23.0,3.3333333333333335,29,9,31,20200.0,10000.0,1.1997859571461698,0.04736458570966663,1.2471505428558365,51.414534299816296,7,1.0,0.4,0.9,13.91192019597477,13.907292733483716,13.726641838203719,13.757000504190431,0.10217313751164861,0.1039892101304526,0.08936568899357018,0.08566477534600513,0.41578070952354684,0.046441803523881046,0.0011014090118845103,0.046454862139094014,53.468558599983226,4,3,3,20200.0,10000.0,10300.0,100.0,10300.0,100.0,,,,,,,,,,,,,,,,,,,
delay_recall,30,lstm,torch_lstm,fc91c7c7fdb4,12.990040413626113,,20.333333333333332,4.666666666666667,30,25,6,79972.0,79972.0,153.74098431428763,,153.88746425714842,4682.378703599985,7,,,,13.85194857495546,,12.990040413626113,,0.17507346928097042,,0.0034422211432432277,,51.295821419049474,26.613666353329833,,26.64009983603976,6869.36173249998,4,4,6,79972.0,79972.0,67201.0,67201.0,67201.0,67201.0,128,0.001,0.0,200,32,1,800,50,1.0,windowed,50,auto,True,True,,,,,0.0
delay_recall,31,lstm,torch_lstm,c7d9c0de5940,9.828234734853854,,19.0,3.3333333333333335,31,22,4,79972.0,79972.0,90.4970105285694,0.086191814286784,90.65548482856579,4682.378703599985,7,,,,10.448725411516376,,9.828234734853854,,0.17045031666915594,0.19003609146211403,0.002028243956859982,,30.242746076188354,11.27623938172078,0.012683367249133116,11.275729235320895,6869.36173249998,5,1,4,79972.0,79972.0,67201.0,67201.0,67201.0,67201.0,128,0.003,0.0,200,32,1,800,50,1.0,windowed,50,auto,True,True,,,,,0.0
delay_recall,32,lstm,torch_lstm,2fd4392c51ef,9.763174771784142,,20.666666666666668,4.333333333333333,32,29,1,79972.0,79972.0,67.76764908571411,0.04284667142824868,67.8737678000034,4682.378703599985,7,,,,10.288709589570255,,9.763174771784142,,0.18108809534418574,,0.0011415727273782494,0.001083777362862267,22.63567957143061,15.286900869631486,0.034359585188322064,15.28817682936347,6869.36173249998,6,6,1,79972.0,79972.0,67201.0,67201.0,67201.0,67201.0,128,0.01,0.0,200,32,1,800,50,1.0,windowed,50,auto,True,True,,,,,0.0
delay_recall,33,tapped_delay_ridge,tapped_delay_ridge,85b8bdf21c0a,10.008784225073867,,40.333333333333336,5.0,33,41,47,2200.0,2200.0,0.076391942857299,,0.11415115714355904,10.611348500096938,7,,,,10.125568575402017,,10.008784225073867,,0.35437726886014465,,0.3593929670839774,,0.03805038571451968,0.005785028886248465,,0.006430893624166698,14.804310400068061,5,5,5,2200.0,2200.0,22.0,22.0,22.0,22.0,,,,,,,,,,,,,,,,10,quadratic,1e-06,
delay_recall,34,cycle_scr,esn,5d1a27f2c344,9.760446282675895,9.803929501968824,27.0,3.6666666666666665,34,35,12,20200.0,10000.0,1.0498434000026984,0.04671164285744972,1.0965550428601483,46.21971390008548,7,1.0,1.0,0.3,10.115084648538025,10.147632700136674,9.760446282675895,9.803929501968824,0.28308350906144053,0.28815971477366614,0.014317544701083814,0.012023149965699639,0.3655818666676558,0.07334467527523467,0.0005518233532258635,0.07334675112261471,48.231842100016365,5,4,2,20200.0,10000.0,10300.0,100.0,10300.0,100.0,,,,,,,,,,,,,,,,,,,
delay_recall,35,tapped_delay_ridge,tapped_delay_ridge,e5146fb1df11,10.012118376274131,,41.666666666666664,6.0,35,42,48,1100.0,1100.0,0.05048351428870644,,0.08839914286051812,10.611348500096938,7,,,,10.09945691376663,,10.012118376274131,,0.35803647761290774,,0.39978671015381984,,0.02946638095350604,0.0022335586706320235,,0.003420532749088066,14.804310400068061,6,6,6,1100.0,1100.0,11.0,11.0,11.0,11.0,,,,,,,,,,,,,,,,10,raw,1e-06,
delay_recall,36,random_sparse_baseline,esn,156770123aaf,8.403135885891192,8.485971724178047,28.333333333333332,4.0,36,39,10,20200.0,10000.0,1.2894068999989292,0.04578814286235554,1.3351950428612847,52.520950600053766,7,1.2,1.0,0.3,8.702124987595687,8.76677495088689,8.403135885891192,8.485971724178047,0.2897335057941485,0.2949993242109921,0.012813075995792662,0.011238575031561851,0.44511989999938084,0.08059011197315642,0.0005437425682420345,0.080591946271488,54.46438949998992,5,5,2,20200.0,10000.0,10300.0,100.0,10300.0,100.0,,,,,,,,,,,,,,,,,,,
delay_recall,37,random_sparse_baseline,esn,b07b757cf213,7.351693177048661,7.517736230241269,29.333333333333332,4.333333333333333,37,43,8,20200.0,10000.0,1.3640831714281894,0.0466733142893645,1.410756485717554,52.520950600053766,7,1.4,1.5,0.3,7.628552154502133,7.709242051641209,7.351693177048661,7.517736230241269,0.3653084679748152,0.32701569990697094,0.011941754529989638,0.010960156964838976,0.47031260476207876,0.0849652213597806,0.0012065870879150887,0.08497378827095589,54.46438949998992,6,6,1,20200.0,10000.0,10300.0,100.0,10300.0,100.0,,,,,,,,,,,,,,,,,,,
delay_recall,38,multiscale_three_random,esn,156770123aaf,7.238037141146208,7.2425520213893035,30.333333333333332,4.0,38,36,17,20200.0,10000.0,1.2779605714219673,0.04898872857510079,1.326949299997068,51.414534299816296,7,1.2,1.0,0.3,7.531781320143614,7.444908589164283,7.238037141146208,7.2425520213893035,0.2857175291498019,0.28991999640408755,0.01831501979884766,0.016965869943038253,0.4423745714271458,0.053384762732744014,0.004995530257563065,0.053617984059321014,53.468558599983226,5,5,2,20200.0,10000.0,10300.0,100.0,10300.0,100.0,,,,,,,,,,,,,,,,,,,
delay_recall,39,multiscale_three_random,esn,059a4ddb8c9d,6.69588141331517,6.71205003441576,31.666666666666668,4.333333333333333,39,40,16,20200.0,10000.0,1.2856335428514285,0.04901941428813318,1.3346529571395616,51.414534299816296,7,1.4,1.0,0.3,7.000933874498346,6.972505312470295,6.69588141331517,6.71205003441576,0.2899852970125139,0.29771381530466595,0.016611340787335865,0.015177241276779654,0.4449501190479384,0.07134525036661904,0.00510947698957881,0.07152797707878078,53.468558599983226,6,6,1,20200.0,10000.0,10300.0,100.0,10300.0,100.0,,,,,,,,,,,,,,,,,,,
delay_recall,40,cycle_jump_j7,esn,156770123aaf,6.668810273146632,6.448251243861423,32.666666666666664,4.0,40,45,13,20200.0,10000.0,1.3256227142867698,0.04611015714285063,1.3717328714296206,53.3815588999787,7,1.2,1.0,0.3,6.867369127573077,6.742904512458354,6.668810273146632,6.448251243861423,0.4000542762178241,0.36368219258738027,0.015527310305311915,0.013499136673121344,0.45729968095249546,0.08486810652241808,0.00043693652227534734,0.0848692312809831,55.374310200037144,5,5,2,20200.0,10000.0,10300.0,100.0,10300.0,100.0,,,,,,,,,,,,,,,,,,,
delay_recall,41,cycle_scr,esn,b07b757cf213,4.746655454624535,4.7891997350202615,33.333333333333336,4.333333333333333,41,48,11,20200.0,10000.0,1.1227104857129493,0.046606671419535166,1.1693171571324845,46.21971390008548,7,1.4,1.5,0.3,5.312821455403588,5.33316977953754,4.746655454624535,4.7891997350202615,0.9027771232788416,0.9065451355269217,0.013364150909812716,0.012813628377884079,0.3898364142857775,0.060433203961419955,0.0004662255398668848,0.06043500233553903,48.231842100016365,6,6,1,20200.0,10000.0,10300.0,100.0,10300.0,100.0,,,,,,,,,,,,,,,,,,,
delay_recall,42,cycle_jump_j7,esn,b07b757cf213,3.8202968122727343,4.564859787237774,32.333333333333336,4.333333333333333,42,46,9,20200.0,10000.0,1.3599291714261716,0.04721258571537744,1.4071417571415494,53.3815588999787,7,1.4,1.5,0.3,4.241951656656731,4.743807278875729,3.8202968122727343,4.564859787237774,0.42701517318987464,0.4274711090125468,0.012362046316868037,0.01131682539389009,0.46910444761929937,0.09847539091702992,0.0018024702697455655,0.09849188553040893,55.374310200037144,6,6,1,20200.0,10000.0,10300.0,100.0,10300.0,100.0,,,,,,,,,,,,,,,,,,,
delay_recall,43,nonnormal_chain_g0_3,esn,9e51842d34ab,2.7711284081331846,2.949034562394645,32.0,2.0,43,32,21,20200.0,10000.0,1.1787982428712505,0.046585942853458365,1.225384185724709,49.86669650019758,7,0.95,0.2,1.0,3.5980148048609166,3.804890559930923,2.7711284081331846,2.949034562394645,0.26198654495850204,0.2656527355465411,0.02849847794294046,0.026395152131120814,0.40852623333298,0.0589279007083161,0.00044860311105195095,0.058929608234234904,51.89364260000002,1,1,4,20200.0,10000.0,10300.0,100.0,10300.0,100.0,,,,,,,,,,,,,,,,,,,
delay_recall,44,nonnormal_chain_g0_3,esn,4e018c35c4e2,2.2339846073665908,2.4656204350548987,29.333333333333332,2.3333333333333335,44,37,7,20200.0,10000.0,1.2255304857161329,0.04688510000102854,1.2724155857171613,49.86669650019758,7,1.0,0.4,0.9,3.080362234173364,3.4728276865817733,2.2339846073665908,2.4656204350548987,0.28647510806376253,0.2929744325282764,0.011381919377828759,0.009827560469904085,0.42420104285771404,0.06071259031020875,0.0004236720786779801,0.06071406855256453,51.89364260000002,2,4,1,20200.0,10000.0,10300.0,100.0,10300.0,100.0,,,,,,,,,,,,,,,,,,,
delay_recall,45,nonnormal_chain_g0_3,esn,259248d07a08,2.1047280290968,2.3037692838770525,32.333333333333336,2.6666666666666665,45,33,19,20200.0,10000.0,1.1657244428643025,0.04849150000102652,1.214215942865329,49.86669650019758,7,0.95,0.2,0.9,3.006770818614214,3.124972114635245,2.1047280290968,2.3037692838770525,0.2751203071492913,0.27792532092990774,0.02138566265179228,0.022744387608516495,0.40480430476149887,0.04320728774124365,0.004148932591814327,0.04340602902369719,51.89364260000002,3,2,3,20200.0,10000.0,10300.0,100.0,10300.0,100.0,,,,,,,,,,,,,,,,,,,
delay_recall,46,nonnormal_chain_g0_3,esn,4d2160951482,1.3005425487028452,1.1228455566136226,35.333333333333336,4.666666666666667,46,38,22,20200.0,10000.0,1.123146642858046,0.05009688571278405,1.17324352857083,49.86669650019758,7,1.0,0.2,0.9,2.0560427476770404,1.9962335995120501,1.3005425487028452,1.1228455566136226,0.28736892344117687,0.2898389303428112,0.030137500689638667,0.03226941844977809,0.39114597619031666,0.035814991340488676,0.0066620013591647915,0.03642932701586447,51.89364260000002,4,5,5,20200.0,10000.0,10300.0,100.0,10300.0,100.0,,,,,,,,,,,,,,,,,,,
delay_recall,47,nonnormal_chain_g0_3,esn,0e41bf66b8bb,1.262311477538012,1.3766275673354544,37.0,4.666666666666667,47,34,30,20200.0,10000.0,1.2182953285737312,0.04931089999653133,1.2676062285702625,49.86669650019758,7,0.95,0.1,0.9,1.937791169169892,2.430725245573826,1.262311477538012,1.3766275673354544,0.2799212169633843,0.28213166054853395,0.08883393558888054,0.0866197839426559,0.42259860952479006,0.07195234543198033,0.006145613711625133,0.07221432393269037,51.89364260000002,5,3,6,20200.0,10000.0,10300.0,100.0,10300.0,100.0,,,,,,,,,,,,,,,,,,,
delay_recall,48,nonnormal_chain_g0_3,esn,4df7ca5b3a5c,1.0058172933300094,1.1559509726957882,35.666666666666664,4.666666666666667,48,44,15,20200.0,10000.0,1.2123186428590478,0.047029157144217085,1.259347800003265,49.86669650019758,7,1.0,0.4,0.5,1.5854294693107291,1.7740644271746784,1.0058172933300094,1.1559509726957882,0.3815569395587137,0.42000666926499514,0.016329657018653684,0.012536775984238255,0.4198496714279394,0.05841354217214088,0.00048799210064330134,0.05841558050200966,51.89364260000002,6,6,2,20200.0,10000.0,10300.0,100.0,10300.0,100.0,,,,,,,,,,,,,,,,,,,
